 ,Area,Mean,StdDev,Min,Max,Filename
1,277856,30.741,50.698,0,248,tiff_images-copy
2,307200,28.616,48.797,0,248,tiff_images-copy0000.tif
3,307200,54.918,98.463,0,440,tiff_images-copy0001.tif
4,307200,1042.997,134.149,523,1274,tiff_images-copy0002.tif
5,307200,0.000,0.000,0,0,tiff_images-copy0003.tif
6,307200,28.616,48.797,0,248,tiff_images-copy0004.tif
7,307200,54.918,98.463,0,440,tiff_images-copy0005.tif
8,307200,26.544,32.150,0,154,tiff_images-copy0006.tif
9,307200,72.451,109.747,0,432,tiff_images-copy0007.tif
10,307200,1042.997,134.149,523,1274,tiff_images-copy0008.tif
11,307200,0.000,0.000,0,0,tiff_images-copy0009.tif
12,307200,26.544,32.150,0,154,tiff_images-copy0010.tif
13,307200,72.451,109.747,0,432,tiff_images-copy0011.tif
14,307200,25.275,32.575,0,158,tiff_images-copy0012.tif
15,307200,56.823,95.270,0,386,tiff_images-copy0013.tif
16,307200,1042.997,134.149,523,1274,tiff_images-copy0014.tif
17,307200,0.000,0.000,0,0,tiff_images-copy0015.tif
18,307200,25.275,32.575,0,158,tiff_images-copy0016.tif
19,307200,56.823,95.270,0,386,tiff_images-copy0017.tif
20,307200,26.544,34.767,0,157,tiff_images-copy0018.tif
21,307200,55.762,96.524,0,390,tiff_images-copy0019.tif
22,307200,1042.997,134.149,523,1274,tiff_images-copy0020.tif
23,307200,0.000,0.000,0,0,tiff_images-copy0021.tif
24,307200,26.544,34.767,0,157,tiff_images-copy0022.tif
25,307200,55.762,96.524,0,390,tiff_images-copy0023.tif
26,307200,27.584,47.168,0,275,tiff_images-copy0024.tif
27,307200,47.254,88.445,0,454,tiff_images-copy0025.tif
28,307200,1042.997,134.149,523,1274,tiff_images-copy0026.tif
29,307200,0.000,0.000,0,0,tiff_images-copy0027.tif
30,307200,27.584,47.168,0,275,tiff_images-copy0028.tif
31,307200,47.254,88.445,0,454,tiff_images-copy0029.tif
32,307200,23.785,32.849,0,149,tiff_images-copy0030.tif
33,307200,68.449,108.136,0,410,tiff_images-copy0031.tif
34,307200,1042.997,134.149,523,1274,tiff_images-copy0032.tif
35,307200,0.000,0.000,0,0,tiff_images-copy0033.tif
36,307200,23.785,32.849,0,149,tiff_images-copy0034.tif
37,307200,68.449,108.136,0,410,tiff_images-copy0035.tif
38,307200,25.394,35.889,0,165,tiff_images-copy0036.tif
39,307200,48.872,85.176,0,344,tiff_images-copy0037.tif
40,307200,1042.997,134.149,523,1274,tiff_images-copy0038.tif
41,307200,0.000,0.000,0,0,tiff_images-copy0039.tif
42,307200,25.394,35.889,0,165,tiff_images-copy0040.tif
43,307200,48.872,85.176,0,344,tiff_images-copy0041.tif
44,307200,30.771,38.946,0,178,tiff_images-copy0042.tif
45,307200,63.015,99.695,0,387,tiff_images-copy0043.tif
46,307200,1042.997,134.149,523,1274,tiff_images-copy0044.tif
47,307200,0.000,0.000,0,0,tiff_images-copy0045.tif
48,307200,30.771,38.946,0,178,tiff_images-copy0046.tif
49,307200,63.015,99.695,0,387,tiff_images-copy0047.tif
50,307200,22.214,30.171,0,154,tiff_images-copy0048.tif
51,307200,40.692,71.215,0,367,tiff_images-copy0049.tif
52,307200,1042.997,134.149,523,1274,tiff_images-copy0050.tif
53,307200,0.000,0.000,0,0,tiff_images-copy0051.tif
54,307200,22.214,30.171,0,154,tiff_images-copy0052.tif
55,307200,40.692,71.215,0,367,tiff_images-copy0053.tif
56,307200,36.216,44.238,0,182,tiff_images-copy0054.tif
57,307200,65.959,100.570,0,410,tiff_images-copy0055.tif
58,307200,1042.997,134.149,523,1274,tiff_images-copy0056.tif
59,307200,0.000,0.000,0,0,tiff_images-copy0057.tif
60,307200,36.216,44.238,0,182,tiff_images-copy0058.tif
61,307200,65.959,100.570,0,410,tiff_images-copy0059.tif
62,307200,21.492,34.058,0,177,tiff_images-copy0060.tif
63,307200,50.328,90.437,0,402,tiff_images-copy0061.tif
64,307200,1042.997,134.149,523,1274,tiff_images-copy0062.tif
65,307200,0.000,0.000,0,0,tiff_images-copy0063.tif
66,307200,21.492,34.058,0,177,tiff_images-copy0064.tif
67,307200,50.328,90.437,0,402,tiff_images-copy0065.tif
68,307200,36.532,49.905,0,228,tiff_images-copy0066.tif
69,307200,78.852,113.190,0,444,tiff_images-copy0067.tif
70,307200,1042.997,134.149,523,1274,tiff_images-copy0068.tif
71,307200,0.000,0.000,0,0,tiff_images-copy0069.tif
72,307200,36.532,49.905,0,228,tiff_images-copy0070.tif
73,307200,78.852,113.190,0,444,tiff_images-copy0071.tif
74,307200,27.633,34.732,0,164,tiff_images-copy0072.tif
75,307200,101.136,141.292,0,499,tiff_images-copy0073.tif
76,307200,1042.997,134.149,523,1274,tiff_images-copy0074.tif
77,307200,0.000,0.000,0,0,tiff_images-copy0075.tif
78,307200,27.633,34.732,0,164,tiff_images-copy0076.tif
79,307200,101.136,141.292,0,499,tiff_images-copy0077.tif
80,307200,40.650,42.732,0,175,tiff_images-copy0078.tif
81,307200,100.583,124.184,0,430,tiff_images-copy0079.tif
82,307200,1042.997,134.149,523,1274,tiff_images-copy0080.tif
83,307200,0.000,0.000,0,0,tiff_images-copy0081.tif
84,307200,40.650,42.732,0,175,tiff_images-copy0082.tif
85,307200,100.583,124.184,0,430,tiff_images-copy0083.tif
86,307200,38.177,46.896,0,204,tiff_images-copy0084.tif
87,307200,66.248,98.133,0,434,tiff_images-copy0085.tif
88,307200,1042.997,134.149,523,1274,tiff_images-copy0086.tif
89,307200,0.000,0.000,0,0,tiff_images-copy0087.tif
90,307200,38.177,46.896,0,204,tiff_images-copy0088.tif
91,307200,66.248,98.133,0,434,tiff_images-copy0089.tif
92,307200,23.830,31.749,0,152,tiff_images-copy0090.tif
93,307200,56.582,90.277,0,380,tiff_images-copy0091.tif
94,307200,1042.997,134.149,523,1274,tiff_images-copy0092.tif
95,307200,0.000,0.000,0,0,tiff_images-copy0093.tif
96,307200,23.830,31.749,0,152,tiff_images-copy0094.tif
97,307200,56.582,90.277,0,380,tiff_images-copy0095.tif
98,307200,21.380,32.458,0,187,tiff_images-copy0096.tif
99,307200,48.654,88.980,0,449,tiff_images-copy0097.tif
100,307200,1042.997,134.149,523,1274,tiff_images-copy0098.tif
101,307200,0.000,0.000,0,0,tiff_images-copy0099.tif
102,307200,21.380,32.458,0,187,tiff_images-copy0100.tif
103,307200,48.654,88.980,0,449,tiff_images-copy0101.tif
104,307200,29.479,35.656,0,168,tiff_images-copy0102.tif
105,307200,59.611,98.333,0,380,tiff_images-copy0103.tif
106,307200,1042.997,134.149,523,1274,tiff_images-copy0104.tif
107,307200,0.000,0.000,0,0,tiff_images-copy0105.tif
108,307200,29.479,35.656,0,168,tiff_images-copy0106.tif
109,307200,59.611,98.333,0,380,tiff_images-copy0107.tif
110,307200,26.102,34.170,0,151,tiff_images-copy0108.tif
111,307200,66.846,97.528,0,370,tiff_images-copy0109.tif
112,307200,1042.997,134.149,523,1274,tiff_images-copy0110.tif
113,307200,0.000,0.000,0,0,tiff_images-copy0111.tif
114,307200,26.102,34.170,0,151,tiff_images-copy0112.tif
115,307200,66.846,97.528,0,370,tiff_images-copy0113.tif
116,307200,23.330,30.880,0,136,tiff_images-copy0114.tif
117,307200,45.568,80.755,0,385,tiff_images-copy0115.tif
118,307200,1042.997,134.149,523,1274,tiff_images-copy0116.tif
119,307200,0.000,0.000,0,0,tiff_images-copy0117.tif
120,307200,23.330,30.880,0,136,tiff_images-copy0118.tif
121,307200,45.568,80.755,0,385,tiff_images-copy0119.tif
122,307200,21.194,31.686,0,150,tiff_images-copy0120.tif
123,307200,52.421,90.382,0,372,tiff_images-copy0121.tif
124,307200,1042.997,134.149,523,1274,tiff_images-copy0122.tif
125,307200,0.000,0.000,0,0,tiff_images-copy0123.tif
126,307200,21.194,31.686,0,150,tiff_images-copy0124.tif
127,307200,52.421,90.382,0,372,tiff_images-copy0125.tif
128,307200,23.228,32.856,0,160,tiff_images-copy0126.tif
129,307200,49.755,80.908,0,342,tiff_images-copy0127.tif
130,307200,1042.997,134.149,523,1274,tiff_images-copy0128.tif
131,307200,0.000,0.000,0,0,tiff_images-copy0129.tif
132,307200,23.228,32.856,0,160,tiff_images-copy0130.tif
133,307200,49.755,80.908,0,342,tiff_images-copy0131.tif
134,307200,25.518,32.937,0,139,tiff_images-copy0132.tif
135,307200,53.588,88.457,0,344,tiff_images-copy0133.tif
136,307200,1042.997,134.149,523,1274,tiff_images-copy0134.tif
137,307200,0.000,0.000,0,0,tiff_images-copy0135.tif
138,307200,25.518,32.937,0,139,tiff_images-copy0136.tif
139,307200,53.588,88.457,0,344,tiff_images-copy0137.tif
140,307200,29.747,45.054,0,241,tiff_images-copy0138.tif
141,307200,62.781,105.872,0,440,tiff_images-copy0139.tif
142,307200,1042.997,134.149,523,1274,tiff_images-copy0140.tif
143,307200,0.000,0.000,0,0,tiff_images-copy0141.tif
144,307200,29.747,45.054,0,241,tiff_images-copy0142.tif
145,307200,62.781,105.872,0,440,tiff_images-copy0143.tif
146,307200,32.367,45.293,0,233,tiff_images-copy0144.tif
147,307200,61.356,96.780,0,399,tiff_images-copy0145.tif
148,307200,1042.997,134.149,523,1274,tiff_images-copy0146.tif
149,307200,0.000,0.000,0,0,tiff_images-copy0147.tif
150,307200,32.367,45.293,0,233,tiff_images-copy0148.tif
151,307200,61.356,96.780,0,399,tiff_images-copy0149.tif
152,307200,25.394,38.258,0,229,tiff_images-copy0150.tif
153,307200,63.034,106.316,0,652,tiff_images-copy0151.tif
154,307200,1042.997,134.149,523,1274,tiff_images-copy0152.tif
155,307200,0.000,0.000,0,0,tiff_images-copy0153.tif
156,307200,25.394,38.258,0,229,tiff_images-copy0154.tif
157,307200,63.034,106.316,0,652,tiff_images-copy0155.tif
158,307200,50.153,55.541,0,197,tiff_images-copy0156.tif
159,307200,108.720,137.565,0,442,tiff_images-copy0157.tif
160,307200,1042.997,134.149,523,1274,tiff_images-copy0158.tif
161,307200,0.000,0.000,0,0,tiff_images-copy0159.tif
162,307200,50.153,55.541,0,197,tiff_images-copy0160.tif
163,307200,108.720,137.565,0,442,tiff_images-copy0161.tif
164,307200,26.224,30.911,0,142,tiff_images-copy0162.tif
165,307200,59.363,97.886,0,381,tiff_images-copy0163.tif
166,307200,1042.997,134.149,523,1274,tiff_images-copy0164.tif
167,307200,0.000,0.000,0,0,tiff_images-copy0165.tif
168,307200,26.224,30.911,0,142,tiff_images-copy0166.tif
169,307200,59.363,97.886,0,381,tiff_images-copy0167.tif
170,307200,35.560,46.248,0,206,tiff_images-copy0168.tif
171,307200,77.077,110.175,0,398,tiff_images-copy0169.tif
172,307200,1042.997,134.149,523,1274,tiff_images-copy0170.tif
173,307200,0.000,0.000,0,0,tiff_images-copy0171.tif
174,307200,35.560,46.248,0,206,tiff_images-copy0172.tif
175,307200,77.077,110.175,0,398,tiff_images-copy0173.tif
176,307200,27.843,38.123,0,165,tiff_images-copy0174.tif
177,307200,68.190,105.871,0,371,tiff_images-copy0175.tif
178,307200,1042.997,134.149,523,1274,tiff_images-copy0176.tif
179,307200,0.000,0.000,0,0,tiff_images-copy0177.tif
180,307200,27.843,38.123,0,165,tiff_images-copy0178.tif
181,307200,68.190,105.871,0,371,tiff_images-copy0179.tif
182,307200,31.230,33.189,0,147,tiff_images-copy0180.tif
183,307200,89.969,114.001,0,388,tiff_images-copy0181.tif
184,307200,1042.997,134.149,523,1274,tiff_images-copy0182.tif
185,307200,0.000,0.000,0,0,tiff_images-copy0183.tif
186,307200,31.230,33.189,0,147,tiff_images-copy0184.tif
187,307200,89.969,114.001,0,388,tiff_images-copy0185.tif
188,307200,41.973,53.635,0,209,tiff_images-copy0186.tif
189,307200,65.689,97.798,0,362,tiff_images-copy0187.tif
190,307200,1042.997,134.149,523,1274,tiff_images-copy0188.tif
191,307200,0.000,0.000,0,0,tiff_images-copy0189.tif
192,307200,41.973,53.635,0,209,tiff_images-copy0190.tif
193,307200,65.689,97.798,0,362,tiff_images-copy0191.tif
194,307200,37.014,48.914,0,188,tiff_images-copy0192.tif
195,307200,79.215,110.993,0,380,tiff_images-copy0193.tif
196,307200,1042.997,134.149,523,1274,tiff_images-copy0194.tif
197,307200,0.000,0.000,0,0,tiff_images-copy0195.tif
198,307200,37.014,48.914,0,188,tiff_images-copy0196.tif
199,307200,79.215,110.993,0,380,tiff_images-copy0197.tif
200,307200,29.834,34.708,0,159,tiff_images-copy0198.tif
201,307200,56.708,96.254,0,379,tiff_images-copy0199.tif
202,307200,1042.997,134.149,523,1274,tiff_images-copy0200.tif
203,307200,0.000,0.000,0,0,tiff_images-copy0201.tif
204,307200,29.834,34.708,0,159,tiff_images-copy0202.tif
205,307200,56.708,96.254,0,379,tiff_images-copy0203.tif
206,307200,40.399,56.481,0,220,tiff_images-copy0204.tif
207,307200,69.667,102.281,0,376,tiff_images-copy0205.tif
208,307200,1042.997,134.149,523,1274,tiff_images-copy0206.tif
209,307200,0.000,0.000,0,0,tiff_images-copy0207.tif
210,307200,40.399,56.481,0,220,tiff_images-copy0208.tif
211,307200,69.667,102.281,0,376,tiff_images-copy0209.tif
212,307200,27.049,35.549,0,168,tiff_images-copy0210.tif
213,307200,71.071,109.585,0,461,tiff_images-copy0211.tif
214,307200,1042.997,134.149,523,1274,tiff_images-copy0212.tif
215,307200,0.000,0.000,0,0,tiff_images-copy0213.tif
216,307200,27.049,35.549,0,168,tiff_images-copy0214.tif
217,307200,71.071,109.585,0,461,tiff_images-copy0215.tif
218,307200,43.035,40.848,0,145,tiff_images-copy0216.tif
219,307200,110.906,119.970,0,357,tiff_images-copy0217.tif
220,307200,1042.997,134.149,523,1274,tiff_images-copy0218.tif
221,307200,0.000,0.000,0,0,tiff_images-copy0219.tif
222,307200,43.035,40.848,0,145,tiff_images-copy0220.tif
223,307200,110.906,119.970,0,357,tiff_images-copy0221.tif
224,307200,31.597,42.283,0,265,tiff_images-copy0222.tif
225,307200,67.109,102.224,0,512,tiff_images-copy0223.tif
226,307200,1042.997,134.149,523,1274,tiff_images-copy0224.tif
227,307200,0.000,0.000,0,0,tiff_images-copy0225.tif
228,307200,31.597,42.283,0,265,tiff_images-copy0226.tif
229,307200,67.109,102.224,0,512,tiff_images-copy0227.tif
230,307200,52.427,50.921,0,223,tiff_images-copy0228.tif
231,307200,115.021,123.566,0,461,tiff_images-copy0229.tif
232,307200,1042.997,134.149,523,1274,tiff_images-copy0230.tif
233,307200,0.000,0.000,0,0,tiff_images-copy0231.tif
234,307200,52.427,50.921,0,223,tiff_images-copy0232.tif
235,307200,115.021,123.566,0,461,tiff_images-copy0233.tif
236,307200,54.719,47.509,0,171,tiff_images-copy0234.tif
237,307200,126.044,121.668,0,379,tiff_images-copy0235.tif
238,307200,1042.997,134.149,523,1274,tiff_images-copy0236.tif
239,307200,0.000,0.000,0,0,tiff_images-copy0237.tif
240,307200,54.719,47.509,0,171,tiff_images-copy0238.tif
241,307200,126.044,121.668,0,379,tiff_images-copy0239.tif
242,307200,35.332,39.668,0,186,tiff_images-copy0240.tif
243,307200,85.526,109.605,0,378,tiff_images-copy0241.tif
244,307200,1042.997,134.149,523,1274,tiff_images-copy0242.tif
245,307200,0.000,0.000,0,0,tiff_images-copy0243.tif
246,307200,35.332,39.668,0,186,tiff_images-copy0244.tif
247,307200,85.526,109.605,0,378,tiff_images-copy0245.tif
248,307200,27.317,38.221,0,142,tiff_images-copy0246.tif
249,307200,63.308,96.229,0,340,tiff_images-copy0247.tif
250,307200,1042.997,134.149,523,1274,tiff_images-copy0248.tif
251,307200,0.000,0.000,0,0,tiff_images-copy0249.tif
252,307200,27.317,38.221,0,142,tiff_images-copy0250.tif
253,307200,63.308,96.229,0,340,tiff_images-copy0251.tif
254,307200,21.814,32.941,0,186,tiff_images-copy0252.tif
255,307200,42.428,83.610,0,445,tiff_images-copy0253.tif
256,307200,1042.997,134.149,523,1274,tiff_images-copy0254.tif
257,307200,0.000,0.000,0,0,tiff_images-copy0255.tif
258,307200,21.814,32.941,0,186,tiff_images-copy0256.tif
259,307200,42.428,83.610,0,445,tiff_images-copy0257.tif
260,307200,21.501,37.425,0,219,tiff_images-copy0258.tif
261,307200,44.916,85.556,0,442,tiff_images-copy0259.tif
262,307200,1042.997,134.149,523,1274,tiff_images-copy0260.tif
263,307200,0.000,0.000,0,0,tiff_images-copy0261.tif
264,307200,21.501,37.425,0,219,tiff_images-copy0262.tif
265,307200,44.916,85.556,0,442,tiff_images-copy0263.tif
266,307200,19.065,33.152,0,179,tiff_images-copy0264.tif
267,307200,36.148,71.879,0,377,tiff_images-copy0265.tif
268,307200,1042.997,134.149,523,1274,tiff_images-copy0266.tif
269,307200,0.000,0.000,0,0,tiff_images-copy0267.tif
270,307200,19.065,33.152,0,179,tiff_images-copy0268.tif
271,307200,36.148,71.879,0,377,tiff_images-copy0269.tif
272,307200,21.704,31.488,0,170,tiff_images-copy0270.tif
273,307200,33.728,61.388,0,306,tiff_images-copy0271.tif
274,307200,1042.997,134.149,523,1274,tiff_images-copy0272.tif
275,307200,0.000,0.000,0,0,tiff_images-copy0273.tif
276,307200,21.704,31.488,0,170,tiff_images-copy0274.tif
277,307200,33.728,61.388,0,306,tiff_images-copy0275.tif
278,307200,20.906,33.126,0,178,tiff_images-copy0276.tif
279,307200,37.629,73.375,0,356,tiff_images-copy0277.tif
280,307200,1042.997,134.149,523,1274,tiff_images-copy0278.tif
281,307200,0.000,0.000,0,0,tiff_images-copy0279.tif
282,307200,20.906,33.126,0,178,tiff_images-copy0280.tif
283,307200,37.629,73.375,0,356,tiff_images-copy0281.tif
284,307200,20.613,34.781,0,212,tiff_images-copy0282.tif
285,307200,38.546,77.924,0,443,tiff_images-copy0283.tif
286,307200,1042.997,134.149,523,1274,tiff_images-copy0284.tif
287,307200,0.000,0.000,0,0,tiff_images-copy0285.tif
288,307200,20.613,34.781,0,212,tiff_images-copy0286.tif
289,307200,38.546,77.924,0,443,tiff_images-copy0287.tif
290,307200,27.966,43.982,0,234,tiff_images-copy0288.tif
291,307200,50.840,87.972,0,429,tiff_images-copy0289.tif
292,307200,1042.997,134.149,523,1274,tiff_images-copy0290.tif
293,307200,0.000,0.000,0,0,tiff_images-copy0291.tif
294,307200,27.966,43.982,0,234,tiff_images-copy0292.tif
295,307200,50.840,87.972,0,429,tiff_images-copy0293.tif
296,307200,40.506,56.683,0,225,tiff_images-copy0294.tif
297,307200,66.166,99.846,0,378,tiff_images-copy0295.tif
298,307200,1042.997,134.149,523,1274,tiff_images-copy0296.tif
299,307200,0.000,0.000,0,0,tiff_images-copy0297.tif
300,307200,40.506,56.683,0,225,tiff_images-copy0298.tif
301,307200,66.166,99.846,0,378,tiff_images-copy0299.tif
302,307200,21.995,35.439,0,197,tiff_images-copy0300.tif
303,307200,54.163,99.569,0,495,tiff_images-copy0301.tif
304,307200,1042.997,134.149,523,1274,tiff_images-copy0302.tif
305,307200,0.000,0.000,0,0,tiff_images-copy0303.tif
306,307200,21.995,35.439,0,197,tiff_images-copy0304.tif
307,307200,54.163,99.569,0,495,tiff_images-copy0305.tif
308,307200,25.517,37.843,0,173,tiff_images-copy0306.tif
309,307200,53.401,91.236,0,406,tiff_images-copy0307.tif
310,307200,1042.997,134.149,523,1274,tiff_images-copy0308.tif
311,307200,0.000,0.000,0,0,tiff_images-copy0309.tif
312,307200,25.517,37.843,0,173,tiff_images-copy0310.tif
313,307200,53.401,91.236,0,406,tiff_images-copy0311.tif
314,307200,33.503,47.353,0,200,tiff_images-copy0312.tif
315,307200,53.244,87.998,0,367,tiff_images-copy0313.tif
316,307200,1042.997,134.149,523,1274,tiff_images-copy0314.tif
317,307200,0.000,0.000,0,0,tiff_images-copy0315.tif
318,307200,33.503,47.353,0,200,tiff_images-copy0316.tif
319,307200,53.244,87.998,0,367,tiff_images-copy0317.tif
320,307200,41.192,45.593,0,184,tiff_images-copy0318.tif
321,307200,78.183,105.075,0,389,tiff_images-copy0319.tif
322,307200,1042.997,134.149,523,1274,tiff_images-copy0320.tif
323,307200,0.000,0.000,0,0,tiff_images-copy0321.tif
324,307200,41.192,45.593,0,184,tiff_images-copy0322.tif
325,307200,78.183,105.075,0,389,tiff_images-copy0323.tif
326,307200,26.717,46.993,0,230,tiff_images-copy0324.tif
327,307200,49.118,92.303,0,410,tiff_images-copy0325.tif
328,307200,1042.997,134.149,523,1274,tiff_images-copy0326.tif
329,307200,0.000,0.000,0,0,tiff_images-copy0327.tif
330,307200,26.717,46.993,0,230,tiff_images-copy0328.tif
331,307200,49.118,92.303,0,410,tiff_images-copy0329.tif
332,307200,18.371,24.759,0,132,tiff_images-copy0330.tif
333,307200,36.059,63.759,0,280,tiff_images-copy0331.tif
334,307200,1042.997,134.149,523,1274,tiff_images-copy0332.tif
335,307200,0.000,0.000,0,0,tiff_images-copy0333.tif
336,307200,18.371,24.759,0,132,tiff_images-copy0334.tif
337,307200,36.059,63.759,0,280,tiff_images-copy0335.tif
338,307200,20.633,27.373,0,160,tiff_images-copy0336.tif
339,307200,45.878,80.799,0,418,tiff_images-copy0337.tif
340,307200,1042.997,134.149,523,1274,tiff_images-copy0338.tif
341,307200,0.000,0.000,0,0,tiff_images-copy0339.tif
342,307200,20.633,27.373,0,160,tiff_images-copy0340.tif
343,307200,45.878,80.799,0,418,tiff_images-copy0341.tif
344,307200,26.327,30.154,0,144,tiff_images-copy0342.tif
345,307200,59.080,87.504,0,376,tiff_images-copy0343.tif
346,307200,1042.997,134.149,523,1274,tiff_images-copy0344.tif
347,307200,0.000,0.000,0,0,tiff_images-copy0345.tif
348,307200,26.327,30.154,0,144,tiff_images-copy0346.tif
349,307200,59.080,87.504,0,376,tiff_images-copy0347.tif
350,307200,17.799,26.509,0,128,tiff_images-copy0348.tif
351,307200,37.813,65.941,0,299,tiff_images-copy0349.tif
352,307200,1042.997,134.149,523,1274,tiff_images-copy0350.tif
353,307200,0.000,0.000,0,0,tiff_images-copy0351.tif
354,307200,17.799,26.509,0,128,tiff_images-copy0352.tif
355,307200,37.813,65.941,0,299,tiff_images-copy0353.tif
356,307200,23.229,26.416,0,118,tiff_images-copy0354.tif
357,307200,37.367,66.722,0,278,tiff_images-copy0355.tif
358,307200,1042.997,134.149,523,1274,tiff_images-copy0356.tif
359,307200,0.000,0.000,0,0,tiff_images-copy0357.tif
360,307200,23.229,26.416,0,118,tiff_images-copy0358.tif
361,307200,37.367,66.722,0,278,tiff_images-copy0359.tif
362,307200,25.187,29.016,0,122,tiff_images-copy0360.tif
363,307200,72.764,111.895,0,442,tiff_images-copy0361.tif
364,307200,1042.997,134.149,523,1274,tiff_images-copy0362.tif
365,307200,0.000,0.000,0,0,tiff_images-copy0363.tif
366,307200,25.187,29.016,0,122,tiff_images-copy0364.tif
367,307200,72.764,111.895,0,442,tiff_images-copy0365.tif
368,307200,28.502,39.995,0,277,tiff_images-copy0366.tif
369,307200,67.504,104.353,0,453,tiff_images-copy0367.tif
370,307200,1042.997,134.149,523,1274,tiff_images-copy0368.tif
371,307200,0.000,0.000,0,0,tiff_images-copy0369.tif
372,307200,28.502,39.995,0,277,tiff_images-copy0370.tif
373,307200,67.504,104.353,0,453,tiff_images-copy0371.tif
374,307200,26.314,32.726,0,155,tiff_images-copy0372.tif
375,307200,69.697,107.726,0,393,tiff_images-copy0373.tif
376,307200,1042.997,134.149,523,1274,tiff_images-copy0374.tif
377,307200,0.000,0.000,0,0,tiff_images-copy0375.tif
378,307200,26.314,32.726,0,155,tiff_images-copy0376.tif
379,307200,69.697,107.726,0,393,tiff_images-copy0377.tif
380,307200,20.507,33.471,0,184,tiff_images-copy0378.tif
381,307200,42.400,79.767,0,410,tiff_images-copy0379.tif
382,307200,1042.997,134.149,523,1274,tiff_images-copy0380.tif
383,307200,0.000,0.000,0,0,tiff_images-copy0381.tif
384,307200,20.507,33.471,0,184,tiff_images-copy0382.tif
385,307200,42.400,79.767,0,410,tiff_images-copy0383.tif
386,307200,37.559,40.274,0,144,tiff_images-copy0384.tif
387,307200,103.235,116.895,0,372,tiff_images-copy0385.tif
388,307200,1042.997,134.149,523,1274,tiff_images-copy0386.tif
389,307200,0.000,0.000,0,0,tiff_images-copy0387.tif
390,307200,37.559,40.274,0,144,tiff_images-copy0388.tif
391,307200,103.235,116.895,0,372,tiff_images-copy0389.tif
392,307200,44.140,56.658,0,237,tiff_images-copy0390.tif
393,307200,94.427,122.540,0,417,tiff_images-copy0391.tif
394,307200,1042.997,134.149,523,1274,tiff_images-copy0392.tif
395,307200,0.000,0.000,0,0,tiff_images-copy0393.tif
396,307200,44.140,56.658,0,237,tiff_images-copy0394.tif
397,307200,94.427,122.540,0,417,tiff_images-copy0395.tif
398,307200,24.610,39.214,0,215,tiff_images-copy0396.tif
399,307200,51.319,95.501,0,485,tiff_images-copy0397.tif
400,307200,1042.997,134.149,523,1274,tiff_images-copy0398.tif
401,307200,0.000,0.000,0,0,tiff_images-copy0399.tif
402,307200,24.610,39.214,0,215,tiff_images-copy0400.tif
403,307200,51.319,95.501,0,485,tiff_images-copy0401.tif
404,307200,29.644,45.803,0,226,tiff_images-copy0402.tif
405,307200,60.921,105.016,0,494,tiff_images-copy0403.tif
406,307200,1042.997,134.149,523,1274,tiff_images-copy0404.tif
407,307200,0.000,0.000,0,0,tiff_images-copy0405.tif
408,307200,29.644,45.803,0,226,tiff_images-copy0406.tif
409,307200,60.921,105.016,0,494,tiff_images-copy0407.tif
410,307200,19.736,26.781,0,138,tiff_images-copy0408.tif
411,307200,42.155,73.101,0,319,tiff_images-copy0409.tif
412,307200,1042.997,134.149,523,1274,tiff_images-copy0410.tif
413,307200,0.000,0.000,0,0,tiff_images-copy0411.tif
414,307200,19.736,26.781,0,138,tiff_images-copy0412.tif
415,307200,42.155,73.101,0,319,tiff_images-copy0413.tif
416,307200,30.206,44.306,0,236,tiff_images-copy0414.tif
417,307200,66.290,107.944,0,514,tiff_images-copy0415.tif
418,307200,1042.997,134.149,523,1274,tiff_images-copy0416.tif
419,307200,0.000,0.000,0,0,tiff_images-copy0417.tif
420,307200,30.206,44.306,0,236,tiff_images-copy0418.tif
421,307200,66.290,107.944,0,514,tiff_images-copy0419.tif
422,307200,16.284,20.850,0,107,tiff_images-copy0420.tif
423,307200,39.666,70.872,0,340,tiff_images-copy0421.tif
424,307200,1042.997,134.149,523,1274,tiff_images-copy0422.tif
425,307200,0.000,0.000,0,0,tiff_images-copy0423.tif
426,307200,16.284,20.850,0,107,tiff_images-copy0424.tif
427,307200,39.666,70.872,0,340,tiff_images-copy0425.tif
428,307200,18.967,31.168,0,161,tiff_images-copy0426.tif
429,307200,40.000,76.094,0,352,tiff_images-copy0427.tif
430,307200,1042.997,134.149,523,1274,tiff_images-copy0428.tif
431,307200,0.000,0.000,0,0,tiff_images-copy0429.tif
432,307200,18.967,31.168,0,161,tiff_images-copy0430.tif
433,307200,40.000,76.094,0,352,tiff_images-copy0431.tif
434,307200,20.653,29.695,0,143,tiff_images-copy0432.tif
435,307200,34.257,59.217,0,270,tiff_images-copy0433.tif
436,307200,1042.997,134.149,523,1274,tiff_images-copy0434.tif
437,307200,0.000,0.000,0,0,tiff_images-copy0435.tif
438,307200,20.653,29.695,0,143,tiff_images-copy0436.tif
439,307200,34.257,59.217,0,270,tiff_images-copy0437.tif
440,307200,19.890,26.501,0,140,tiff_images-copy0438.tif
441,307200,42.682,73.092,0,357,tiff_images-copy0439.tif
442,307200,1042.997,134.149,523,1274,tiff_images-copy0440.tif
443,307200,0.000,0.000,0,0,tiff_images-copy0441.tif
444,307200,19.890,26.501,0,140,tiff_images-copy0442.tif
445,307200,42.682,73.092,0,357,tiff_images-copy0443.tif
446,307200,34.460,38.833,0,175,tiff_images-copy0444.tif
447,307200,94.298,117.385,0,494,tiff_images-copy0445.tif
448,307200,1042.997,134.149,523,1274,tiff_images-copy0446.tif
449,307200,0.000,0.000,0,0,tiff_images-copy0447.tif
450,307200,34.460,38.833,0,175,tiff_images-copy0448.tif
451,307200,94.298,117.385,0,494,tiff_images-copy0449.tif
452,307200,32.958,39.520,0,189,tiff_images-copy0450.tif
453,307200,62.329,85.871,0,312,tiff_images-copy0451.tif
454,307200,1042.997,134.149,523,1274,tiff_images-copy0452.tif
455,307200,0.000,0.000,0,0,tiff_images-copy0453.tif
456,307200,32.958,39.520,0,189,tiff_images-copy0454.tif
457,307200,62.329,85.871,0,312,tiff_images-copy0455.tif
458,307200,26.886,39.407,0,177,tiff_images-copy0456.tif
459,307200,43.803,69.899,0,274,tiff_images-copy0457.tif
460,307200,1042.997,134.149,523,1274,tiff_images-copy0458.tif
461,307200,0.000,0.000,0,0,tiff_images-copy0459.tif
462,307200,26.886,39.407,0,177,tiff_images-copy0460.tif
463,307200,43.803,69.899,0,274,tiff_images-copy0461.tif
464,307200,26.222,33.868,0,156,tiff_images-copy0462.tif
465,307200,54.303,82.531,0,414,tiff_images-copy0463.tif
466,307200,1042.997,134.149,523,1274,tiff_images-copy0464.tif
467,307200,0.000,0.000,0,0,tiff_images-copy0465.tif
468,307200,26.222,33.868,0,156,tiff_images-copy0466.tif
469,307200,54.303,82.531,0,414,tiff_images-copy0467.tif
470,307200,39.130,36.780,0,164,tiff_images-copy0468.tif
471,307200,97.994,108.045,0,424,tiff_images-copy0469.tif
472,307200,1042.997,134.149,523,1274,tiff_images-copy0470.tif
473,307200,0.000,0.000,0,0,tiff_images-copy0471.tif
474,307200,39.130,36.780,0,164,tiff_images-copy0472.tif
475,307200,97.994,108.045,0,424,tiff_images-copy0473.tif
476,307200,31.501,36.864,0,178,tiff_images-copy0474.tif
477,307200,70.755,104.041,0,459,tiff_images-copy0475.tif
478,307200,1042.997,134.149,523,1274,tiff_images-copy0476.tif
479,307200,0.000,0.000,0,0,tiff_images-copy0477.tif
480,307200,31.501,36.864,0,178,tiff_images-copy0478.tif
481,307200,70.755,104.041,0,459,tiff_images-copy0479.tif
482,307200,34.100,37.716,0,200,tiff_images-copy0480.tif
483,307200,82.081,97.360,0,457,tiff_images-copy0481.tif
484,307200,1042.997,134.149,523,1274,tiff_images-copy0482.tif
485,307200,0.000,0.000,0,0,tiff_images-copy0483.tif
486,307200,34.100,37.716,0,200,tiff_images-copy0484.tif
487,307200,82.081,97.360,0,457,tiff_images-copy0485.tif
488,307200,34.227,42.496,0,199,tiff_images-copy0486.tif
489,307200,50.174,74.110,0,280,tiff_images-copy0487.tif
490,307200,1042.997,134.149,523,1274,tiff_images-copy0488.tif
491,307200,0.000,0.000,0,0,tiff_images-copy0489.tif
492,307200,34.227,42.496,0,199,tiff_images-copy0490.tif
493,307200,50.174,74.110,0,280,tiff_images-copy0491.tif
494,307200,29.740,38.591,0,198,tiff_images-copy0492.tif
495,307200,64.913,94.116,0,483,tiff_images-copy0493.tif
496,307200,1042.997,134.149,523,1274,tiff_images-copy0494.tif
497,307200,0.000,0.000,0,0,tiff_images-copy0495.tif
498,307200,29.740,38.591,0,198,tiff_images-copy0496.tif
499,307200,64.913,94.116,0,483,tiff_images-copy0497.tif
500,307200,30.723,43.419,0,214,tiff_images-copy0498.tif
501,307200,60.144,93.863,0,409,tiff_images-copy0499.tif
502,307200,1042.997,134.149,523,1274,tiff_images-copy0500.tif
503,307200,0.000,0.000,0,0,tiff_images-copy0501.tif
504,307200,30.723,43.419,0,214,tiff_images-copy0502.tif
505,307200,60.144,93.863,0,409,tiff_images-copy0503.tif
506,307200,22.227,30.131,0,155,tiff_images-copy0504.tif
507,307200,60.814,103.541,0,444,tiff_images-copy0505.tif
508,307200,1042.997,134.149,523,1274,tiff_images-copy0506.tif
509,307200,0.000,0.000,0,0,tiff_images-copy0507.tif
510,307200,22.227,30.131,0,155,tiff_images-copy0508.tif
511,307200,60.814,103.541,0,444,tiff_images-copy0509.tif
512,307200,43.112,56.330,0,217,tiff_images-copy0510.tif
513,307200,71.520,104.091,0,380,tiff_images-copy0511.tif
514,307200,1042.997,134.149,523,1274,tiff_images-copy0512.tif
515,307200,0.000,0.000,0,0,tiff_images-copy0513.tif
516,307200,43.112,56.330,0,217,tiff_images-copy0514.tif
517,307200,71.520,104.091,0,380,tiff_images-copy0515.tif
518,307200,30.515,36.955,0,155,tiff_images-copy0516.tif
519,307200,66.887,101.101,0,372,tiff_images-copy0517.tif
520,307200,1042.997,134.149,523,1274,tiff_images-copy0518.tif
521,307200,0.000,0.000,0,0,tiff_images-copy0519.tif
522,307200,30.515,36.955,0,155,tiff_images-copy0520.tif
523,307200,66.887,101.101,0,372,tiff_images-copy0521.tif
524,307200,33.144,34.783,0,150,tiff_images-copy0522.tif
525,307200,64.796,98.168,0,357,tiff_images-copy0523.tif
526,307200,1042.997,134.149,523,1274,tiff_images-copy0524.tif
527,307200,0.000,0.000,0,0,tiff_images-copy0525.tif
528,307200,33.144,34.783,0,150,tiff_images-copy0526.tif
529,307200,64.796,98.168,0,357,tiff_images-copy0527.tif
530,307200,29.264,40.786,0,187,tiff_images-copy0528.tif
531,307200,48.113,76.574,0,355,tiff_images-copy0529.tif
532,307200,1042.997,134.149,523,1274,tiff_images-copy0530.tif
533,307200,0.000,0.000,0,0,tiff_images-copy0531.tif
534,307200,29.264,40.786,0,187,tiff_images-copy0532.tif
535,307200,48.113,76.574,0,355,tiff_images-copy0533.tif
536,307200,30.500,38.551,0,154,tiff_images-copy0534.tif
537,307200,65.778,96.679,0,362,tiff_images-copy0535.tif
538,307200,1042.997,134.149,523,1274,tiff_images-copy0536.tif
539,307200,0.000,0.000,0,0,tiff_images-copy0537.tif
540,307200,30.500,38.551,0,154,tiff_images-copy0538.tif
541,307200,65.778,96.679,0,362,tiff_images-copy0539.tif
542,307200,26.593,42.664,0,214,tiff_images-copy0540.tif
543,307200,49.996,89.201,0,375,tiff_images-copy0541.tif
544,307200,1042.997,134.149,523,1274,tiff_images-copy0542.tif
545,307200,0.000,0.000,0,0,tiff_images-copy0543.tif
546,307200,26.593,42.664,0,214,tiff_images-copy0544.tif
547,307200,49.996,89.201,0,375,tiff_images-copy0545.tif
548,307200,30.717,44.112,0,190,tiff_images-copy0546.tif
549,307200,67.491,110.258,0,431,tiff_images-copy0547.tif
550,307200,1042.997,134.149,523,1274,tiff_images-copy0548.tif
551,307200,0.000,0.000,0,0,tiff_images-copy0549.tif
552,307200,30.717,44.112,0,190,tiff_images-copy0550.tif
553,307200,67.491,110.258,0,431,tiff_images-copy0551.tif
554,307200,30.350,43.385,0,208,tiff_images-copy0552.tif
555,307200,47.867,81.115,0,375,tiff_images-copy0553.tif
556,307200,1042.997,134.149,523,1274,tiff_images-copy0554.tif
557,307200,0.000,0.000,0,0,tiff_images-copy0555.tif
558,307200,30.350,43.385,0,208,tiff_images-copy0556.tif
559,307200,47.867,81.115,0,375,tiff_images-copy0557.tif
560,307200,27.719,37.224,0,173,tiff_images-copy0558.tif
561,307200,74.470,113.341,0,425,tiff_images-copy0559.tif
562,307200,1042.997,134.149,523,1274,tiff_images-copy0560.tif
563,307200,0.000,0.000,0,0,tiff_images-copy0561.tif
564,307200,27.719,37.224,0,173,tiff_images-copy0562.tif
565,307200,74.470,113.341,0,425,tiff_images-copy0563.tif
566,307200,33.124,48.811,0,238,tiff_images-copy0564.tif
567,307200,80.422,125.650,0,515,tiff_images-copy0565.tif
568,307200,1042.997,134.149,523,1274,tiff_images-copy0566.tif
569,307200,0.000,0.000,0,0,tiff_images-copy0567.tif
570,307200,33.124,48.811,0,238,tiff_images-copy0568.tif
571,307200,80.422,125.650,0,515,tiff_images-copy0569.tif
572,307200,31.355,41.880,0,177,tiff_images-copy0570.tif
573,307200,75.611,116.125,0,430,tiff_images-copy0571.tif
574,307200,1042.997,134.149,523,1274,tiff_images-copy0572.tif
575,307200,0.000,0.000,0,0,tiff_images-copy0573.tif
576,307200,31.355,41.880,0,177,tiff_images-copy0574.tif
577,307200,75.611,116.125,0,430,tiff_images-copy0575.tif
578,307200,28.844,36.486,0,145,tiff_images-copy0576.tif
579,307200,82.547,122.174,0,435,tiff_images-copy0577.tif
580,307200,1042.997,134.149,523,1274,tiff_images-copy0578.tif
581,307200,0.000,0.000,0,0,tiff_images-copy0579.tif
582,307200,28.844,36.486,0,145,tiff_images-copy0580.tif
583,307200,82.547,122.174,0,435,tiff_images-copy0581.tif
584,307200,26.888,36.684,0,175,tiff_images-copy0582.tif
585,307200,65.156,105.391,0,421,tiff_images-copy0583.tif
586,307200,1042.997,134.149,523,1274,tiff_images-copy0584.tif
587,307200,0.000,0.000,0,0,tiff_images-copy0585.tif
588,307200,26.888,36.684,0,175,tiff_images-copy0586.tif
589,307200,65.156,105.391,0,421,tiff_images-copy0587.tif
590,307200,18.638,25.815,0,132,tiff_images-copy0588.tif
591,307200,46.900,81.008,0,377,tiff_images-copy0589.tif
592,307200,1042.997,134.149,523,1274,tiff_images-copy0590.tif
593,307200,0.000,0.000,0,0,tiff_images-copy0591.tif
594,307200,18.638,25.815,0,132,tiff_images-copy0592.tif
595,307200,46.900,81.008,0,377,tiff_images-copy0593.tif
596,307200,29.956,34.367,0,138,tiff_images-copy0594.tif
597,307200,90.616,125.449,0,415,tiff_images-copy0595.tif
598,307200,1042.997,134.149,523,1274,tiff_images-copy0596.tif
599,307200,0.000,0.000,0,0,tiff_images-copy0597.tif
600,307200,29.956,34.367,0,138,tiff_images-copy0598.tif
601,307200,90.616,125.449,0,415,tiff_images-copy0599.tif
602,307200,42.267,51.772,0,210,tiff_images-copy0600.tif
603,307200,66.754,103.543,0,411,tiff_images-copy0601.tif
604,307200,1042.997,134.149,523,1274,tiff_images-copy0602.tif
605,307200,0.000,0.000,0,0,tiff_images-copy0603.tif
606,307200,42.267,51.772,0,210,tiff_images-copy0604.tif
607,307200,66.754,103.543,0,411,tiff_images-copy0605.tif
608,307200,23.958,31.998,0,255,tiff_images-copy0606.tif
609,307200,48.808,83.703,0,544,tiff_images-copy0607.tif
610,307200,1042.997,134.149,523,1274,tiff_images-copy0608.tif
611,307200,0.000,0.000,0,0,tiff_images-copy0609.tif
612,307200,23.958,31.998,0,255,tiff_images-copy0610.tif
613,307200,48.808,83.703,0,544,tiff_images-copy0611.tif
614,307200,44.223,53.336,0,238,tiff_images-copy0612.tif
615,307200,75.524,116.762,0,431,tiff_images-copy0613.tif
616,307200,1042.997,134.149,523,1274,tiff_images-copy0614.tif
617,307200,0.000,0.000,0,0,tiff_images-copy0615.tif
618,307200,44.223,53.336,0,238,tiff_images-copy0616.tif
619,307200,75.524,116.762,0,431,tiff_images-copy0617.tif
620,307200,16.895,27.269,0,165,tiff_images-copy0618.tif
621,307200,47.891,93.285,0,446,tiff_images-copy0619.tif
622,307200,1042.997,134.149,523,1274,tiff_images-copy0620.tif
623,307200,0.000,0.000,0,0,tiff_images-copy0621.tif
624,307200,16.895,27.269,0,165,tiff_images-copy0622.tif
625,307200,47.891,93.285,0,446,tiff_images-copy0623.tif
626,307200,30.834,41.123,0,224,tiff_images-copy0624.tif
627,307200,76.316,115.093,0,548,tiff_images-copy0625.tif
628,307200,1042.997,134.149,523,1274,tiff_images-copy0626.tif
629,307200,0.000,0.000,0,0,tiff_images-copy0627.tif
630,307200,30.834,41.123,0,224,tiff_images-copy0628.tif
631,307200,76.316,115.093,0,548,tiff_images-copy0629.tif
632,307200,38.181,43.086,0,154,tiff_images-copy0630.tif
633,307200,89.685,113.014,0,388,tiff_images-copy0631.tif
634,307200,1042.997,134.149,523,1274,tiff_images-copy0632.tif
635,307200,0.000,0.000,0,0,tiff_images-copy0633.tif
636,307200,38.181,43.086,0,154,tiff_images-copy0634.tif
637,307200,89.685,113.014,0,388,tiff_images-copy0635.tif
638,307200,29.655,43.941,0,217,tiff_images-copy0636.tif
639,307200,69.813,113.822,0,468,tiff_images-copy0637.tif
640,307200,1042.997,134.149,523,1274,tiff_images-copy0638.tif
641,307200,0.000,0.000,0,0,tiff_images-copy0639.tif
642,307200,29.655,43.941,0,217,tiff_images-copy0640.tif
643,307200,69.813,113.822,0,468,tiff_images-copy0641.tif
644,307200,18.793,28.064,0,152,tiff_images-copy0642.tif
645,307200,46.994,85.034,0,387,tiff_images-copy0643.tif
646,307200,1042.997,134.149,523,1274,tiff_images-copy0644.tif
647,307200,0.000,0.000,0,0,tiff_images-copy0645.tif
648,307200,18.793,28.064,0,152,tiff_images-copy0646.tif
649,307200,46.994,85.034,0,387,tiff_images-copy0647.tif
650,307200,23.813,32.574,0,139,tiff_images-copy0648.tif
651,307200,61.030,98.379,0,382,tiff_images-copy0649.tif
652,307200,1042.997,134.149,523,1274,tiff_images-copy0650.tif
653,307200,0.000,0.000,0,0,tiff_images-copy0651.tif
654,307200,23.813,32.574,0,139,tiff_images-copy0652.tif
655,307200,61.030,98.379,0,382,tiff_images-copy0653.tif
656,307200,23.775,34.212,0,180,tiff_images-copy0654.tif
657,307200,48.118,85.885,0,412,tiff_images-copy0655.tif
658,307200,1042.997,134.149,523,1274,tiff_images-copy0656.tif
659,307200,0.000,0.000,0,0,tiff_images-copy0657.tif
660,307200,23.775,34.212,0,180,tiff_images-copy0658.tif
661,307200,48.118,85.885,0,412,tiff_images-copy0659.tif
662,307200,31.239,41.699,0,151,tiff_images-copy0660.tif
663,307200,69.013,103.421,0,361,tiff_images-copy0661.tif
664,307200,1042.997,134.149,523,1274,tiff_images-copy0662.tif
665,307200,0.000,0.000,0,0,tiff_images-copy0663.tif
666,307200,31.239,41.699,0,151,tiff_images-copy0664.tif
667,307200,69.013,103.421,0,361,tiff_images-copy0665.tif
668,307200,31.797,41.862,0,217,tiff_images-copy0666.tif
669,307200,54.689,93.411,0,439,tiff_images-copy0667.tif
670,307200,1042.997,134.149,523,1274,tiff_images-copy0668.tif
671,307200,0.000,0.000,0,0,tiff_images-copy0669.tif
672,307200,31.797,41.862,0,217,tiff_images-copy0670.tif
673,307200,54.689,93.411,0,439,tiff_images-copy0671.tif
674,307200,24.081,32.071,0,138,tiff_images-copy0672.tif
675,307200,53.719,89.462,0,368,tiff_images-copy0673.tif
676,307200,1042.997,134.149,523,1274,tiff_images-copy0674.tif
677,307200,0.000,0.000,0,0,tiff_images-copy0675.tif
678,307200,24.081,32.071,0,138,tiff_images-copy0676.tif
679,307200,53.719,89.462,0,368,tiff_images-copy0677.tif
680,307200,34.804,47.809,0,234,tiff_images-copy0678.tif
681,307200,80.541,117.881,0,453,tiff_images-copy0679.tif
682,307200,1042.997,134.149,523,1274,tiff_images-copy0680.tif
683,307200,0.000,0.000,0,0,tiff_images-copy0681.tif
684,307200,34.804,47.809,0,234,tiff_images-copy0682.tif
685,307200,80.541,117.881,0,453,tiff_images-copy0683.tif
686,307200,22.082,33.426,0,175,tiff_images-copy0684.tif
687,307200,57.789,104.086,0,456,tiff_images-copy0685.tif
688,307200,1042.997,134.149,523,1274,tiff_images-copy0686.tif
689,307200,0.000,0.000,0,0,tiff_images-copy0687.tif
690,307200,22.082,33.426,0,175,tiff_images-copy0688.tif
691,307200,57.789,104.086,0,456,tiff_images-copy0689.tif
692,307200,24.670,30.350,0,162,tiff_images-copy0690.tif
693,307200,43.249,80.042,0,376,tiff_images-copy0691.tif
694,307200,1042.997,134.149,523,1274,tiff_images-copy0692.tif
695,307200,0.000,0.000,0,0,tiff_images-copy0693.tif
696,307200,24.670,30.350,0,162,tiff_images-copy0694.tif
697,307200,43.249,80.042,0,376,tiff_images-copy0695.tif
698,307200,19.252,28.500,0,165,tiff_images-copy0696.tif
699,307200,44.248,83.041,0,412,tiff_images-copy0697.tif
700,307200,1042.997,134.149,523,1274,tiff_images-copy0698.tif
701,307200,0.000,0.000,0,0,tiff_images-copy0699.tif
702,307200,19.252,28.500,0,165,tiff_images-copy0700.tif
703,307200,44.248,83.041,0,412,tiff_images-copy0701.tif
704,307200,34.901,44.873,0,209,tiff_images-copy0702.tif
705,307200,52.039,96.331,0,400,tiff_images-copy0703.tif
706,307200,1042.997,134.149,523,1274,tiff_images-copy0704.tif
707,307200,0.000,0.000,0,0,tiff_images-copy0705.tif
708,307200,34.901,44.873,0,209,tiff_images-copy0706.tif
709,307200,52.039,96.331,0,400,tiff_images-copy0707.tif
710,307200,19.670,29.984,0,169,tiff_images-copy0708.tif
711,307200,43.916,85.779,0,454,tiff_images-copy0709.tif
712,307200,1042.997,134.149,523,1274,tiff_images-copy0710.tif
713,307200,0.000,0.000,0,0,tiff_images-copy0711.tif
714,307200,19.670,29.984,0,169,tiff_images-copy0712.tif
715,307200,43.916,85.779,0,454,tiff_images-copy0713.tif
716,307200,24.791,29.567,0,124,tiff_images-copy0714.tif
717,307200,62.447,109.941,0,409,tiff_images-copy0715.tif
718,307200,1042.997,134.149,523,1274,tiff_images-copy0716.tif
719,307200,0.000,0.000,0,0,tiff_images-copy0717.tif
720,307200,24.791,29.567,0,124,tiff_images-copy0718.tif
721,307200,62.447,109.941,0,409,tiff_images-copy0719.tif
722,307200,18.559,25.163,0,109,tiff_images-copy0720.tif
723,307200,50.361,89.499,0,352,tiff_images-copy0721.tif
724,307200,1042.997,134.149,523,1274,tiff_images-copy0722.tif
725,307200,0.000,0.000,0,0,tiff_images-copy0723.tif
726,307200,18.559,25.163,0,109,tiff_images-copy0724.tif
727,307200,50.361,89.499,0,352,tiff_images-copy0725.tif
728,307200,27.720,37.798,0,151,tiff_images-copy0726.tif
729,307200,61.271,96.284,0,376,tiff_images-copy0727.tif
730,307200,1042.997,134.149,523,1274,tiff_images-copy0728.tif
731,307200,0.000,0.000,0,0,tiff_images-copy0729.tif
732,307200,27.720,37.798,0,151,tiff_images-copy0730.tif
733,307200,61.271,96.284,0,376,tiff_images-copy0731.tif
734,307200,21.734,28.105,0,152,tiff_images-copy0732.tif
735,307200,49.051,86.282,0,374,tiff_images-copy0733.tif
736,307200,1042.997,134.149,523,1274,tiff_images-copy0734.tif
737,307200,0.000,0.000,0,0,tiff_images-copy0735.tif
738,307200,21.734,28.105,0,152,tiff_images-copy0736.tif
739,307200,49.051,86.282,0,374,tiff_images-copy0737.tif
740,307200,23.762,32.846,0,135,tiff_images-copy0738.tif
741,307200,62.104,97.049,0,386,tiff_images-copy0739.tif
742,307200,1042.997,134.149,523,1274,tiff_images-copy0740.tif
743,307200,0.000,0.000,0,0,tiff_images-copy0741.tif
744,307200,23.762,32.846,0,135,tiff_images-copy0742.tif
745,307200,62.104,97.049,0,386,tiff_images-copy0743.tif
746,307200,29.173,40.187,0,180,tiff_images-copy0744.tif
747,307200,55.128,102.138,0,424,tiff_images-copy0745.tif
748,307200,1042.997,134.149,523,1274,tiff_images-copy0746.tif
749,307200,0.000,0.000,0,0,tiff_images-copy0747.tif
750,307200,29.173,40.187,0,180,tiff_images-copy0748.tif
751,307200,55.128,102.138,0,424,tiff_images-copy0749.tif
752,307200,24.253,40.270,0,213,tiff_images-copy0750.tif
753,307200,53.897,96.472,0,425,tiff_images-copy0751.tif
754,307200,1042.997,134.149,523,1274,tiff_images-copy0752.tif
755,307200,0.000,0.000,0,0,tiff_images-copy0753.tif
756,307200,24.253,40.270,0,213,tiff_images-copy0754.tif
757,307200,53.897,96.472,0,425,tiff_images-copy0755.tif
758,307200,29.858,36.445,0,191,tiff_images-copy0756.tif
759,307200,89.441,123.633,0,511,tiff_images-copy0757.tif
760,307200,1042.997,134.149,523,1274,tiff_images-copy0758.tif
761,307200,0.000,0.000,0,0,tiff_images-copy0759.tif
762,307200,29.858,36.445,0,191,tiff_images-copy0760.tif
763,307200,89.441,123.633,0,511,tiff_images-copy0761.tif
764,307200,31.067,32.979,0,132,tiff_images-copy0762.tif
765,307200,103.378,126.486,0,432,tiff_images-copy0763.tif
766,307200,1042.997,134.149,523,1274,tiff_images-copy0764.tif
767,307200,0.000,0.000,0,0,tiff_images-copy0765.tif
768,307200,31.067,32.979,0,132,tiff_images-copy0766.tif
769,307200,103.378,126.486,0,432,tiff_images-copy0767.tif
770,307200,21.819,31.471,0,183,tiff_images-copy0768.tif
771,307200,54.669,91.064,0,411,tiff_images-copy0769.tif
772,307200,1042.997,134.149,523,1274,tiff_images-copy0770.tif
773,307200,0.000,0.000,0,0,tiff_images-copy0771.tif
774,307200,21.819,31.471,0,183,tiff_images-copy0772.tif
775,307200,54.669,91.064,0,411,tiff_images-copy0773.tif
776,307200,29.967,37.247,0,169,tiff_images-copy0774.tif
777,307200,52.131,88.123,0,348,tiff_images-copy0775.tif
778,307200,1042.997,134.149,523,1274,tiff_images-copy0776.tif
779,307200,0.000,0.000,0,0,tiff_images-copy0777.tif
780,307200,29.967,37.247,0,169,tiff_images-copy0778.tif
781,307200,52.131,88.123,0,348,tiff_images-copy0779.tif
782,307200,30.338,35.857,0,153,tiff_images-copy0780.tif
783,307200,83.345,111.994,0,368,tiff_images-copy0781.tif
784,307200,1042.997,134.149,523,1274,tiff_images-copy0782.tif
785,307200,0.000,0.000,0,0,tiff_images-copy0783.tif
786,307200,30.338,35.857,0,153,tiff_images-copy0784.tif
787,307200,83.345,111.994,0,368,tiff_images-copy0785.tif
788,307200,34.658,45.037,0,207,tiff_images-copy0786.tif
789,307200,82.148,115.738,0,445,tiff_images-copy0787.tif
790,307200,1042.997,134.149,523,1274,tiff_images-copy0788.tif
791,307200,0.000,0.000,0,0,tiff_images-copy0789.tif
792,307200,34.658,45.037,0,207,tiff_images-copy0790.tif
793,307200,82.148,115.738,0,445,tiff_images-copy0791.tif
794,307200,33.311,47.256,0,205,tiff_images-copy0792.tif
795,307200,66.089,104.345,0,389,tiff_images-copy0793.tif
796,307200,1042.997,134.149,523,1274,tiff_images-copy0794.tif
797,307200,0.000,0.000,0,0,tiff_images-copy0795.tif
798,307200,33.311,47.256,0,205,tiff_images-copy0796.tif
799,307200,66.089,104.345,0,389,tiff_images-copy0797.tif
800,307200,37.187,43.023,0,310,tiff_images-copy0798.tif
801,307200,102.642,130.329,0,971,tiff_images-copy0799.tif
802,307200,1042.997,134.149,523,1274,tiff_images-copy0800.tif
803,307200,0.000,0.000,0,0,tiff_images-copy0801.tif
804,307200,37.187,43.023,0,310,tiff_images-copy0802.tif
805,307200,102.642,130.329,0,971,tiff_images-copy0803.tif
806,307200,23.981,35.641,0,184,tiff_images-copy0804.tif
807,307200,43.823,76.318,0,314,tiff_images-copy0805.tif
808,307200,1042.997,134.149,523,1274,tiff_images-copy0806.tif
809,307200,0.000,0.000,0,0,tiff_images-copy0807.tif
810,307200,23.981,35.641,0,184,tiff_images-copy0808.tif
811,307200,43.823,76.318,0,314,tiff_images-copy0809.tif
812,307200,35.997,42.724,0,182,tiff_images-copy0810.tif
813,307200,63.979,97.685,0,376,tiff_images-copy0811.tif
814,307200,1042.997,134.149,523,1274,tiff_images-copy0812.tif
815,307200,0.000,0.000,0,0,tiff_images-copy0813.tif
816,307200,35.997,42.724,0,182,tiff_images-copy0814.tif
817,307200,63.979,97.685,0,376,tiff_images-copy0815.tif
818,307200,27.233,35.493,0,192,tiff_images-copy0816.tif
819,307200,57.800,89.008,0,412,tiff_images-copy0817.tif
820,307200,1042.997,134.149,523,1274,tiff_images-copy0818.tif
821,307200,0.000,0.000,0,0,tiff_images-copy0819.tif
822,307200,27.233,35.493,0,192,tiff_images-copy0820.tif
823,307200,57.800,89.008,0,412,tiff_images-copy0821.tif
824,307200,46.380,50.993,0,182,tiff_images-copy0822.tif
825,307200,89.516,123.675,0,402,tiff_images-copy0823.tif
826,307200,1042.997,134.149,523,1274,tiff_images-copy0824.tif
827,307200,0.000,0.000,0,0,tiff_images-copy0825.tif
828,307200,46.380,50.993,0,182,tiff_images-copy0826.tif
829,307200,89.516,123.675,0,402,tiff_images-copy0827.tif
830,307200,31.178,45.885,0,246,tiff_images-copy0828.tif
831,307200,60.066,111.234,0,484,tiff_images-copy0829.tif
832,307200,1042.997,134.149,523,1274,tiff_images-copy0830.tif
833,307200,0.000,0.000,0,0,tiff_images-copy0831.tif
834,307200,31.178,45.885,0,246,tiff_images-copy0832.tif
835,307200,60.066,111.234,0,484,tiff_images-copy0833.tif
836,307200,28.917,38.549,0,266,tiff_images-copy0834.tif
837,307200,72.792,118.035,0,523,tiff_images-copy0835.tif
838,307200,1042.997,134.149,523,1274,tiff_images-copy0836.tif
839,307200,0.000,0.000,0,0,tiff_images-copy0837.tif
840,307200,28.917,38.549,0,266,tiff_images-copy0838.tif
841,307200,72.792,118.035,0,523,tiff_images-copy0839.tif
842,307200,32.450,39.122,0,158,tiff_images-copy0840.tif
843,307200,81.445,124.178,0,437,tiff_images-copy0841.tif
844,307200,1042.997,134.149,523,1274,tiff_images-copy0842.tif
845,307200,0.000,0.000,0,0,tiff_images-copy0843.tif
846,307200,32.450,39.122,0,158,tiff_images-copy0844.tif
847,307200,81.445,124.178,0,437,tiff_images-copy0845.tif
848,307200,18.613,32.079,0,179,tiff_images-copy0846.tif
849,307200,36.600,74.930,0,366,tiff_images-copy0847.tif
850,307200,1042.997,134.149,523,1274,tiff_images-copy0848.tif
851,307200,0.000,0.000,0,0,tiff_images-copy0849.tif
852,307200,18.613,32.079,0,179,tiff_images-copy0850.tif
853,307200,36.600,74.930,0,366,tiff_images-copy0851.tif
854,307200,21.155,26.602,0,135,tiff_images-copy0852.tif
855,307200,59.796,93.886,0,403,tiff_images-copy0853.tif
856,307200,1042.997,134.149,523,1274,tiff_images-copy0854.tif
857,307200,0.000,0.000,0,0,tiff_images-copy0855.tif
858,307200,21.155,26.602,0,135,tiff_images-copy0856.tif
859,307200,59.796,93.886,0,403,tiff_images-copy0857.tif
860,307200,25.799,33.670,0,223,tiff_images-copy0858.tif
861,307200,47.058,87.552,0,366,tiff_images-copy0859.tif
862,307200,1042.997,134.149,523,1274,tiff_images-copy0860.tif
863,307200,0.000,0.000,0,0,tiff_images-copy0861.tif
864,307200,25.799,33.670,0,223,tiff_images-copy0862.tif
865,307200,47.058,87.552,0,366,tiff_images-copy0863.tif
866,307200,20.159,36.070,0,216,tiff_images-copy0864.tif
867,307200,32.906,68.153,0,347,tiff_images-copy0865.tif
868,307200,1042.997,134.149,523,1274,tiff_images-copy0866.tif
869,307200,0.000,0.000,0,0,tiff_images-copy0867.tif
870,307200,20.159,36.070,0,216,tiff_images-copy0868.tif
871,307200,32.906,68.153,0,347,tiff_images-copy0869.tif
872,307200,36.964,54.017,0,272,tiff_images-copy0870.tif
873,307200,50.886,95.706,0,459,tiff_images-copy0871.tif
874,307200,1042.997,134.149,523,1274,tiff_images-copy0872.tif
875,307200,0.000,0.000,0,0,tiff_images-copy0873.tif
876,307200,36.964,54.017,0,272,tiff_images-copy0874.tif
877,307200,50.886,95.706,0,459,tiff_images-copy0875.tif
878,307200,22.748,35.521,0,185,tiff_images-copy0876.tif
879,307200,48.470,87.569,0,424,tiff_images-copy0877.tif
880,307200,1042.997,134.149,523,1274,tiff_images-copy0878.tif
881,307200,0.000,0.000,0,0,tiff_images-copy0879.tif
882,307200,22.748,35.521,0,185,tiff_images-copy0880.tif
883,307200,48.470,87.569,0,424,tiff_images-copy0881.tif
884,307200,40.662,40.032,0,180,tiff_images-copy0882.tif
885,307200,107.691,126.368,0,473,tiff_images-copy0883.tif
886,307200,1042.997,134.149,523,1274,tiff_images-copy0884.tif
887,307200,0.000,0.000,0,0,tiff_images-copy0885.tif
888,307200,40.662,40.032,0,180,tiff_images-copy0886.tif
889,307200,107.691,126.368,0,473,tiff_images-copy0887.tif
890,307200,35.193,52.245,0,239,tiff_images-copy0888.tif
891,307200,72.917,114.996,0,451,tiff_images-copy0889.tif
892,307200,1042.997,134.149,523,1274,tiff_images-copy0890.tif
893,307200,0.000,0.000,0,0,tiff_images-copy0891.tif
894,307200,35.193,52.245,0,239,tiff_images-copy0892.tif
895,307200,72.917,114.996,0,451,tiff_images-copy0893.tif
896,307200,22.609,32.218,0,161,tiff_images-copy0894.tif
897,307200,55.962,94.734,0,436,tiff_images-copy0895.tif
898,307200,1042.997,134.149,523,1274,tiff_images-copy0896.tif
899,307200,0.000,0.000,0,0,tiff_images-copy0897.tif
900,307200,22.609,32.218,0,161,tiff_images-copy0898.tif
901,307200,55.962,94.734,0,436,tiff_images-copy0899.tif
902,307200,40.939,49.402,0,190,tiff_images-copy0900.tif
903,307200,72.495,99.780,0,352,tiff_images-copy0901.tif
904,307200,1042.997,134.149,523,1274,tiff_images-copy0902.tif
905,307200,0.000,0.000,0,0,tiff_images-copy0903.tif
906,307200,40.939,49.402,0,190,tiff_images-copy0904.tif
907,307200,72.495,99.780,0,352,tiff_images-copy0905.tif
908,307200,26.183,37.623,0,192,tiff_images-copy0906.tif
909,307200,58.913,102.150,0,471,tiff_images-copy0907.tif
910,307200,1042.997,134.149,523,1274,tiff_images-copy0908.tif
911,307200,0.000,0.000,0,0,tiff_images-copy0909.tif
912,307200,26.183,37.623,0,192,tiff_images-copy0910.tif
913,307200,58.913,102.150,0,471,tiff_images-copy0911.tif
914,307200,28.578,39.758,0,193,tiff_images-copy0912.tif
915,307200,73.609,113.188,0,419,tiff_images-copy0913.tif
916,307200,1042.997,134.149,523,1274,tiff_images-copy0914.tif
917,307200,0.000,0.000,0,0,tiff_images-copy0915.tif
918,307200,28.578,39.758,0,193,tiff_images-copy0916.tif
919,307200,73.609,113.188,0,419,tiff_images-copy0917.tif
920,307200,25.014,36.808,0,191,tiff_images-copy0918.tif
921,307200,59.101,105.081,0,487,tiff_images-copy0919.tif
922,307200,1042.997,134.149,523,1274,tiff_images-copy0920.tif
923,307200,0.000,0.000,0,0,tiff_images-copy0921.tif
924,307200,25.014,36.808,0,191,tiff_images-copy0922.tif
925,307200,59.101,105.081,0,487,tiff_images-copy0923.tif
926,307200,29.697,34.069,0,157,tiff_images-copy0924.tif
927,307200,74.800,102.971,0,398,tiff_images-copy0925.tif
928,307200,1042.997,134.149,523,1274,tiff_images-copy0926.tif
929,307200,0.000,0.000,0,0,tiff_images-copy0927.tif
930,307200,29.697,34.069,0,157,tiff_images-copy0928.tif
931,307200,74.800,102.971,0,398,tiff_images-copy0929.tif
932,307200,26.281,31.900,0,130,tiff_images-copy0930.tif
933,307200,63.943,91.613,0,383,tiff_images-copy0931.tif
934,307200,1042.997,134.149,523,1274,tiff_images-copy0932.tif
935,307200,0.000,0.000,0,0,tiff_images-copy0933.tif
936,307200,26.281,31.900,0,130,tiff_images-copy0934.tif
937,307200,63.943,91.613,0,383,tiff_images-copy0935.tif
938,307200,26.399,37.329,0,164,tiff_images-copy0936.tif
939,307200,47.107,88.123,0,359,tiff_images-copy0937.tif
940,307200,1042.997,134.149,523,1274,tiff_images-copy0938.tif
941,307200,0.000,0.000,0,0,tiff_images-copy0939.tif
942,307200,26.399,37.329,0,164,tiff_images-copy0940.tif
943,307200,47.107,88.123,0,359,tiff_images-copy0941.tif
944,307200,31.107,35.046,0,147,tiff_images-copy0942.tif
945,307200,58.097,88.049,0,330,tiff_images-copy0943.tif
946,307200,1042.997,134.149,523,1274,tiff_images-copy0944.tif
947,307200,0.000,0.000,0,0,tiff_images-copy0945.tif
948,307200,31.107,35.046,0,147,tiff_images-copy0946.tif
949,307200,58.097,88.049,0,330,tiff_images-copy0947.tif
950,307200,24.383,32.690,0,151,tiff_images-copy0948.tif
951,307200,57.213,98.661,0,488,tiff_images-copy0949.tif
952,307200,1042.997,134.149,523,1274,tiff_images-copy0950.tif
953,307200,0.000,0.000,0,0,tiff_images-copy0951.tif
954,307200,24.383,32.690,0,151,tiff_images-copy0952.tif
955,307200,57.213,98.661,0,488,tiff_images-copy0953.tif
956,307200,21.511,30.587,0,149,tiff_images-copy0954.tif
957,307200,63.734,103.741,0,406,tiff_images-copy0955.tif
958,307200,1042.997,134.149,523,1274,tiff_images-copy0956.tif
959,307200,0.000,0.000,0,0,tiff_images-copy0957.tif
960,307200,21.511,30.587,0,149,tiff_images-copy0958.tif
961,307200,63.734,103.741,0,406,tiff_images-copy0959.tif
962,307200,28.844,46.938,0,230,tiff_images-copy0960.tif
963,307200,50.617,89.002,0,406,tiff_images-copy0961.tif
964,307200,1042.997,134.149,523,1274,tiff_images-copy0962.tif
965,307200,0.000,0.000,0,0,tiff_images-copy0963.tif
966,307200,28.844,46.938,0,230,tiff_images-copy0964.tif
967,307200,50.617,89.002,0,406,tiff_images-copy0965.tif
968,307200,23.095,29.991,0,137,tiff_images-copy0966.tif
969,307200,46.129,77.282,0,348,tiff_images-copy0967.tif
970,307200,1042.997,134.149,523,1274,tiff_images-copy0968.tif
971,307200,0.000,0.000,0,0,tiff_images-copy0969.tif
972,307200,23.095,29.991,0,137,tiff_images-copy0970.tif
973,307200,46.129,77.282,0,348,tiff_images-copy0971.tif
974,307200,26.065,34.198,0,155,tiff_images-copy0972.tif
975,307200,54.806,87.729,0,347,tiff_images-copy0973.tif
976,307200,1042.997,134.149,523,1274,tiff_images-copy0974.tif
977,307200,0.000,0.000,0,0,tiff_images-copy0975.tif
978,307200,26.065,34.198,0,155,tiff_images-copy0976.tif
979,307200,54.806,87.729,0,347,tiff_images-copy0977.tif
980,307200,16.304,26.715,0,147,tiff_images-copy0978.tif
981,307200,46.518,91.841,0,400,tiff_images-copy0979.tif
982,307200,1042.997,134.149,523,1274,tiff_images-copy0980.tif
983,307200,0.000,0.000,0,0,tiff_images-copy0981.tif
984,307200,16.304,26.715,0,147,tiff_images-copy0982.tif
985,307200,46.518,91.841,0,400,tiff_images-copy0983.tif
986,307200,22.962,31.355,0,165,tiff_images-copy0984.tif
987,307200,65.865,105.652,0,461,tiff_images-copy0985.tif
988,307200,1042.997,134.149,523,1274,tiff_images-copy0986.tif
989,307200,0.000,0.000,0,0,tiff_images-copy0987.tif
990,307200,22.962,31.355,0,165,tiff_images-copy0988.tif
991,307200,65.865,105.652,0,461,tiff_images-copy0989.tif
992,307200,27.543,34.058,0,171,tiff_images-copy0990.tif
993,307200,41.766,72.561,0,355,tiff_images-copy0991.tif
994,307200,1042.997,134.149,523,1274,tiff_images-copy0992.tif
995,307200,0.000,0.000,0,0,tiff_images-copy0993.tif
996,307200,27.543,34.058,0,171,tiff_images-copy0994.tif
997,307200,41.766,72.561,0,355,tiff_images-copy0995.tif
998,307200,31.093,34.211,0,152,tiff_images-copy0996.tif
999,307200,73.959,111.147,0,380,tiff_images-copy0997.tif
1000,307200,1042.997,134.149,523,1274,tiff_images-copy0998.tif
1001,307200,0.000,0.000,0,0,tiff_images-copy0999.tif
1002,307200,31.093,34.211,0,152,tiff_images-copy1000.tif
1003,307200,73.959,111.147,0,380,tiff_images-copy1001.tif
1004,307200,19.811,27.607,0,133,tiff_images-copy1002.tif
1005,307200,40.004,71.402,0,348,tiff_images-copy1003.tif
1006,307200,1042.997,134.149,523,1274,tiff_images-copy1004.tif
1007,307200,0.000,0.000,0,0,tiff_images-copy1005.tif
1008,307200,19.811,27.607,0,133,tiff_images-copy1006.tif
1009,307200,40.004,71.402,0,348,tiff_images-copy1007.tif
1010,307200,20.826,27.878,0,138,tiff_images-copy1008.tif
1011,307200,42.750,75.947,0,344,tiff_images-copy1009.tif
1012,307200,1042.997,134.149,523,1274,tiff_images-copy1010.tif
1013,307200,0.000,0.000,0,0,tiff_images-copy1011.tif
1014,307200,20.826,27.878,0,138,tiff_images-copy1012.tif
1015,307200,42.750,75.947,0,344,tiff_images-copy1013.tif
1016,307200,54.812,82.602,0,365,tiff_images-copy1014.tif
1017,307200,99.689,163.455,0,713,tiff_images-copy1015.tif
1018,307200,1042.997,134.149,523,1274,tiff_images-copy1016.tif
1019,307200,0.000,0.000,0,0,tiff_images-copy1017.tif
1020,307200,54.812,82.602,0,365,tiff_images-copy1018.tif
1021,307200,99.689,163.455,0,713,tiff_images-copy1019.tif
1022,307200,37.731,51.668,0,269,tiff_images-copy1020.tif
1023,307200,72.914,106.912,0,438,tiff_images-copy1021.tif
1024,307200,1042.997,134.149,523,1274,tiff_images-copy1022.tif
1025,307200,0.000,0.000,0,0,tiff_images-copy1023.tif
1026,307200,37.731,51.668,0,269,tiff_images-copy1024.tif
1027,307200,72.914,106.912,0,438,tiff_images-copy1025.tif
1028,307200,29.986,40.052,0,214,tiff_images-copy1026.tif
1029,307200,71.382,106.318,0,472,tiff_images-copy1027.tif
1030,307200,1042.997,134.149,523,1274,tiff_images-copy1028.tif
1031,307200,0.000,0.000,0,0,tiff_images-copy1029.tif
1032,307200,29.986,40.052,0,214,tiff_images-copy1030.tif
1033,307200,71.382,106.318,0,472,tiff_images-copy1031.tif
1034,307200,43.435,42.249,0,182,tiff_images-copy1032.tif
1035,307200,81.515,106.355,0,391,tiff_images-copy1033.tif
1036,307200,1042.997,134.149,523,1274,tiff_images-copy1034.tif
1037,307200,0.000,0.000,0,0,tiff_images-copy1035.tif
1038,307200,43.435,42.249,0,182,tiff_images-copy1036.tif
1039,307200,81.515,106.355,0,391,tiff_images-copy1037.tif
1040,307200,22.548,30.884,0,163,tiff_images-copy1038.tif
1041,307200,57.370,97.309,0,356,tiff_images-copy1039.tif
1042,307200,1042.997,134.149,523,1274,tiff_images-copy1040.tif
1043,307200,0.000,0.000,0,0,tiff_images-copy1041.tif
1044,307200,22.548,30.884,0,163,tiff_images-copy1042.tif
1045,307200,57.370,97.309,0,356,tiff_images-copy1043.tif
1046,307200,23.413,31.837,0,165,tiff_images-copy1044.tif
1047,307200,48.718,85.542,0,341,tiff_images-copy1045.tif
1048,307200,1042.997,134.149,523,1274,tiff_images-copy1046.tif
1049,307200,0.000,0.000,0,0,tiff_images-copy1047.tif
1050,307200,23.413,31.837,0,165,tiff_images-copy1048.tif
1051,307200,48.718,85.542,0,341,tiff_images-copy1049.tif
1052,307200,40.626,43.529,0,230,tiff_images-copy1050.tif
1053,307200,101.915,121.993,0,426,tiff_images-copy1051.tif
1054,307200,1042.997,134.149,523,1274,tiff_images-copy1052.tif
1055,307200,0.000,0.000,0,0,tiff_images-copy1053.tif
1056,307200,40.626,43.529,0,230,tiff_images-copy1054.tif
1057,307200,101.915,121.993,0,426,tiff_images-copy1055.tif
1058,307200,32.204,44.713,0,219,tiff_images-copy1056.tif
1059,307200,59.203,88.202,0,317,tiff_images-copy1057.tif
1060,307200,1042.997,134.149,523,1274,tiff_images-copy1058.tif
1061,307200,0.000,0.000,0,0,tiff_images-copy1059.tif
1062,307200,32.204,44.713,0,219,tiff_images-copy1060.tif
1063,307200,59.203,88.202,0,317,tiff_images-copy1061.tif
1064,307200,30.708,37.436,0,196,tiff_images-copy1062.tif
1065,307200,82.191,110.382,0,461,tiff_images-copy1063.tif
1066,307200,1042.997,134.149,523,1274,tiff_images-copy1064.tif
1067,307200,0.000,0.000,0,0,tiff_images-copy1065.tif
1068,307200,30.708,37.436,0,196,tiff_images-copy1066.tif
1069,307200,82.191,110.382,0,461,tiff_images-copy1067.tif
1070,307200,27.852,33.679,0,136,tiff_images-copy1068.tif
1071,307200,67.728,97.967,0,355,tiff_images-copy1069.tif
1072,307200,1042.997,134.149,523,1274,tiff_images-copy1070.tif
1073,307200,0.000,0.000,0,0,tiff_images-copy1071.tif
1074,307200,27.852,33.679,0,136,tiff_images-copy1072.tif
1075,307200,67.728,97.967,0,355,tiff_images-copy1073.tif
1076,307200,20.605,28.265,0,130,tiff_images-copy1074.tif
1077,307200,60.718,97.219,0,376,tiff_images-copy1075.tif
1078,307200,1042.997,134.149,523,1274,tiff_images-copy1076.tif
1079,307200,0.000,0.000,0,0,tiff_images-copy1077.tif
1080,307200,20.605,28.265,0,130,tiff_images-copy1078.tif
1081,307200,60.718,97.219,0,376,tiff_images-copy1079.tif
1082,307200,28.398,37.768,0,189,tiff_images-copy1080.tif
1083,307200,70.484,104.480,0,421,tiff_images-copy1081.tif
1084,307200,1042.997,134.149,523,1274,tiff_images-copy1082.tif
1085,307200,0.000,0.000,0,0,tiff_images-copy1083.tif
1086,307200,28.398,37.768,0,189,tiff_images-copy1084.tif
1087,307200,70.484,104.480,0,421,tiff_images-copy1085.tif
1088,307200,28.734,41.223,0,225,tiff_images-copy1086.tif
1089,307200,59.272,101.393,0,478,tiff_images-copy1087.tif
1090,307200,1042.997,134.149,523,1274,tiff_images-copy1088.tif
1091,307200,0.000,0.000,0,0,tiff_images-copy1089.tif
1092,307200,28.734,41.223,0,225,tiff_images-copy1090.tif
1093,307200,59.272,101.393,0,478,tiff_images-copy1091.tif
1094,307200,15.514,22.489,0,133,tiff_images-copy1092.tif
1095,307200,39.283,71.493,0,352,tiff_images-copy1093.tif
1096,307200,1042.997,134.149,523,1274,tiff_images-copy1094.tif
1097,307200,0.000,0.000,0,0,tiff_images-copy1095.tif
1098,307200,15.514,22.489,0,133,tiff_images-copy1096.tif
1099,307200,39.283,71.493,0,352,tiff_images-copy1097.tif
1100,307200,30.433,43.108,0,187,tiff_images-copy1098.tif
1101,307200,54.604,85.343,0,332,tiff_images-copy1099.tif
1102,307200,1042.997,134.149,523,1274,tiff_images-copy1100.tif
1103,307200,0.000,0.000,0,0,tiff_images-copy1101.tif
1104,307200,30.433,43.108,0,187,tiff_images-copy1102.tif
1105,307200,54.604,85.343,0,332,tiff_images-copy1103.tif
1106,307200,25.703,35.764,0,166,tiff_images-copy1104.tif
1107,307200,68.456,107.792,0,437,tiff_images-copy1105.tif
1108,307200,1042.997,134.149,523,1274,tiff_images-copy1106.tif
1109,307200,0.000,0.000,0,0,tiff_images-copy1107.tif
1110,307200,25.703,35.764,0,166,tiff_images-copy1108.tif
1111,307200,68.456,107.792,0,437,tiff_images-copy1109.tif
1112,307200,18.591,30.694,0,198,tiff_images-copy1110.tif
1113,307200,29.251,55.035,0,310,tiff_images-copy1111.tif
1114,307200,1042.997,134.149,523,1274,tiff_images-copy1112.tif
1115,307200,0.000,0.000,0,0,tiff_images-copy1113.tif
1116,307200,18.591,30.694,0,198,tiff_images-copy1114.tif
1117,307200,29.251,55.035,0,310,tiff_images-copy1115.tif
1118,307200,32.426,47.945,0,225,tiff_images-copy1116.tif
1119,307200,53.120,85.967,0,339,tiff_images-copy1117.tif
1120,307200,1042.997,134.149,523,1274,tiff_images-copy1118.tif
1121,307200,0.000,0.000,0,0,tiff_images-copy1119.tif
1122,307200,32.426,47.945,0,225,tiff_images-copy1120.tif
1123,307200,53.120,85.967,0,339,tiff_images-copy1121.tif
1124,307200,30.370,41.074,0,165,tiff_images-copy1122.tif
1125,307200,65.815,97.440,0,357,tiff_images-copy1123.tif
1126,307200,1042.997,134.149,523,1274,tiff_images-copy1124.tif
1127,307200,0.000,0.000,0,0,tiff_images-copy1125.tif
1128,307200,30.370,41.074,0,165,tiff_images-copy1126.tif
1129,307200,65.815,97.440,0,357,tiff_images-copy1127.tif
1130,307200,30.457,49.383,0,270,tiff_images-copy1128.tif
1131,307200,58.793,99.928,0,518,tiff_images-copy1129.tif
1132,307200,1042.997,134.149,523,1274,tiff_images-copy1130.tif
1133,307200,0.000,0.000,0,0,tiff_images-copy1131.tif
1134,307200,30.457,49.383,0,270,tiff_images-copy1132.tif
1135,307200,58.793,99.928,0,518,tiff_images-copy1133.tif
1136,307200,20.082,25.057,0,120,tiff_images-copy1134.tif
1137,307200,48.014,75.430,0,324,tiff_images-copy1135.tif
1138,307200,1042.997,134.149,523,1274,tiff_images-copy1136.tif
1139,307200,0.000,0.000,0,0,tiff_images-copy1137.tif
1140,307200,20.082,25.057,0,120,tiff_images-copy1138.tif
1141,307200,48.014,75.430,0,324,tiff_images-copy1139.tif
1142,307200,31.196,39.746,0,209,tiff_images-copy1140.tif
1143,307200,65.922,96.953,0,427,tiff_images-copy1141.tif
1144,307200,1042.997,134.149,523,1274,tiff_images-copy1142.tif
1145,307200,0.000,0.000,0,0,tiff_images-copy1143.tif
1146,307200,31.196,39.746,0,209,tiff_images-copy1144.tif
1147,307200,65.922,96.953,0,427,tiff_images-copy1145.tif
1148,307200,29.070,30.569,0,172,tiff_images-copy1146.tif
1149,307200,59.099,92.093,0,420,tiff_images-copy1147.tif
1150,307200,1042.997,134.149,523,1274,tiff_images-copy1148.tif
1151,307200,0.000,0.000,0,0,tiff_images-copy1149.tif
1152,307200,29.070,30.569,0,172,tiff_images-copy1150.tif
1153,307200,59.099,92.093,0,420,tiff_images-copy1151.tif
1154,307200,39.626,41.714,0,173,tiff_images-copy1152.tif
1155,307200,77.220,97.439,0,337,tiff_images-copy1153.tif
1156,307200,1042.997,134.149,523,1274,tiff_images-copy1154.tif
1157,307200,0.000,0.000,0,0,tiff_images-copy1155.tif
1158,307200,39.626,41.714,0,173,tiff_images-copy1156.tif
1159,307200,77.220,97.439,0,337,tiff_images-copy1157.tif
1160,307200,21.531,34.537,0,170,tiff_images-copy1158.tif
1161,307200,44.453,80.178,0,392,tiff_images-copy1159.tif
1162,307200,1042.997,134.149,523,1274,tiff_images-copy1160.tif
1163,307200,0.000,0.000,0,0,tiff_images-copy1161.tif
1164,307200,21.531,34.537,0,170,tiff_images-copy1162.tif
1165,307200,44.453,80.178,0,392,tiff_images-copy1163.tif
1166,307200,25.409,41.197,0,209,tiff_images-copy1164.tif
1167,307200,42.696,75.255,0,316,tiff_images-copy1165.tif
1168,307200,1042.997,134.149,523,1274,tiff_images-copy1166.tif
1169,307200,0.000,0.000,0,0,tiff_images-copy1167.tif
1170,307200,25.409,41.197,0,209,tiff_images-copy1168.tif
1171,307200,42.696,75.255,0,316,tiff_images-copy1169.tif
1172,307200,27.571,33.784,0,155,tiff_images-copy1170.tif
1173,307200,78.359,113.476,0,478,tiff_images-copy1171.tif
1174,307200,1042.997,134.149,523,1274,tiff_images-copy1172.tif
1175,307200,0.000,0.000,0,0,tiff_images-copy1173.tif
1176,307200,27.571,33.784,0,155,tiff_images-copy1174.tif
1177,307200,78.359,113.476,0,478,tiff_images-copy1175.tif
1178,307200,27.920,32.771,0,160,tiff_images-copy1176.tif
1179,307200,66.850,90.993,0,332,tiff_images-copy1177.tif
1180,307200,1042.997,134.149,523,1274,tiff_images-copy1178.tif
1181,307200,0.000,0.000,0,0,tiff_images-copy1179.tif
1182,307200,27.920,32.771,0,160,tiff_images-copy1180.tif
1183,307200,66.850,90.993,0,332,tiff_images-copy1181.tif
1184,307200,21.870,32.940,0,171,tiff_images-copy1182.tif
1185,307200,51.986,93.830,0,466,tiff_images-copy1183.tif
1186,307200,1042.997,134.149,523,1274,tiff_images-copy1184.tif
1187,307200,0.000,0.000,0,0,tiff_images-copy1185.tif
1188,307200,21.870,32.940,0,171,tiff_images-copy1186.tif
1189,307200,51.986,93.830,0,466,tiff_images-copy1187.tif
1190,307200,29.836,40.694,0,209,tiff_images-copy1188.tif
1191,307200,64.407,95.731,0,418,tiff_images-copy1189.tif
1192,307200,1042.997,134.149,523,1274,tiff_images-copy1190.tif
1193,307200,0.000,0.000,0,0,tiff_images-copy1191.tif
1194,307200,29.836,40.694,0,209,tiff_images-copy1192.tif
1195,307200,64.407,95.731,0,418,tiff_images-copy1193.tif
1196,307200,20.673,29.533,0,131,tiff_images-copy1194.tif
1197,307200,45.327,75.944,0,298,tiff_images-copy1195.tif
1198,307200,1042.997,134.149,523,1274,tiff_images-copy1196.tif
1199,307200,0.000,0.000,0,0,tiff_images-copy1197.tif
1200,307200,20.673,29.533,0,131,tiff_images-copy1198.tif
1201,307200,45.327,75.944,0,298,tiff_images-copy1199.tif
1202,307200,22.208,30.769,0,151,tiff_images-copy1200.tif
1203,307200,42.889,70.445,0,308,tiff_images-copy1201.tif
1204,307200,1042.997,134.149,523,1274,tiff_images-copy1202.tif
1205,307200,0.000,0.000,0,0,tiff_images-copy1203.tif
1206,307200,22.208,30.769,0,151,tiff_images-copy1204.tif
1207,307200,42.889,70.445,0,308,tiff_images-copy1205.tif
1208,307200,33.275,55.097,0,322,tiff_images-copy1206.tif
1209,307200,48.449,92.396,0,469,tiff_images-copy1207.tif
1210,307200,1042.997,134.149,523,1274,tiff_images-copy1208.tif
1211,307200,0.000,0.000,0,0,tiff_images-copy1209.tif
1212,307200,33.275,55.097,0,322,tiff_images-copy1210.tif
1213,307200,48.449,92.396,0,469,tiff_images-copy1211.tif
1214,307200,24.540,38.848,0,167,tiff_images-copy1212.tif
1215,307200,42.130,75.153,0,287,tiff_images-copy1213.tif
1216,307200,1042.997,134.149,523,1274,tiff_images-copy1214.tif
1217,307200,0.000,0.000,0,0,tiff_images-copy1215.tif
1218,307200,24.540,38.848,0,167,tiff_images-copy1216.tif
1219,307200,42.130,75.153,0,287,tiff_images-copy1217.tif
1220,307200,27.232,43.688,0,234,tiff_images-copy1218.tif
1221,307200,54.056,99.808,0,484,tiff_images-copy1219.tif
1222,307200,1042.997,134.149,523,1274,tiff_images-copy1220.tif
1223,307200,0.000,0.000,0,0,tiff_images-copy1221.tif
1224,307200,27.232,43.688,0,234,tiff_images-copy1222.tif
1225,307200,54.056,99.808,0,484,tiff_images-copy1223.tif
1226,307200,21.285,28.793,0,156,tiff_images-copy1224.tif
1227,307200,40.916,71.899,0,359,tiff_images-copy1225.tif
1228,307200,1042.997,134.149,523,1274,tiff_images-copy1226.tif
1229,307200,0.000,0.000,0,0,tiff_images-copy1227.tif
1230,307200,21.285,28.793,0,156,tiff_images-copy1228.tif
1231,307200,40.916,71.899,0,359,tiff_images-copy1229.tif
1232,307200,24.437,41.868,0,224,tiff_images-copy1230.tif
1233,307200,45.432,85.476,0,416,tiff_images-copy1231.tif
1234,307200,1042.997,134.149,523,1274,tiff_images-copy1232.tif
1235,307200,0.000,0.000,0,0,tiff_images-copy1233.tif
1236,307200,24.437,41.868,0,224,tiff_images-copy1234.tif
1237,307200,45.432,85.476,0,416,tiff_images-copy1235.tif
1238,307200,21.374,31.998,0,154,tiff_images-copy1236.tif
1239,307200,44.677,81.483,0,364,tiff_images-copy1237.tif
1240,307200,1042.997,134.149,523,1274,tiff_images-copy1238.tif
1241,307200,0.000,0.000,0,0,tiff_images-copy1239.tif
1242,307200,21.374,31.998,0,154,tiff_images-copy1240.tif
1243,307200,44.677,81.483,0,364,tiff_images-copy1241.tif
1244,307200,22.811,37.007,0,182,tiff_images-copy1242.tif
1245,307200,42.949,80.785,0,384,tiff_images-copy1243.tif
1246,307200,1042.997,134.149,523,1274,tiff_images-copy1244.tif
1247,307200,0.000,0.000,0,0,tiff_images-copy1245.tif
1248,307200,22.811,37.007,0,182,tiff_images-copy1246.tif
1249,307200,42.949,80.785,0,384,tiff_images-copy1247.tif
1250,307200,23.665,35.290,0,190,tiff_images-copy1248.tif
1251,307200,44.679,85.280,0,410,tiff_images-copy1249.tif
1252,307200,1042.997,134.149,523,1274,tiff_images-copy1250.tif
1253,307200,0.000,0.000,0,0,tiff_images-copy1251.tif
1254,307200,23.665,35.290,0,190,tiff_images-copy1252.tif
1255,307200,44.679,85.280,0,410,tiff_images-copy1253.tif
1256,307200,26.233,34.591,0,168,tiff_images-copy1254.tif
1257,307200,60.879,91.492,0,333,tiff_images-copy1255.tif
1258,307200,1042.997,134.149,523,1274,tiff_images-copy1256.tif
1259,307200,0.000,0.000,0,0,tiff_images-copy1257.tif
1260,307200,26.233,34.591,0,168,tiff_images-copy1258.tif
1261,307200,60.879,91.492,0,333,tiff_images-copy1259.tif
1262,307200,36.712,45.072,0,186,tiff_images-copy1260.tif
1263,307200,85.728,109.249,0,377,tiff_images-copy1261.tif
1264,307200,1042.997,134.149,523,1274,tiff_images-copy1262.tif
1265,307200,0.000,0.000,0,0,tiff_images-copy1263.tif
1266,307200,36.712,45.072,0,186,tiff_images-copy1264.tif
1267,307200,85.728,109.249,0,377,tiff_images-copy1265.tif
1268,307200,20.208,28.156,0,148,tiff_images-copy1266.tif
1269,307200,53.240,85.618,0,350,tiff_images-copy1267.tif
1270,307200,1042.997,134.149,523,1274,tiff_images-copy1268.tif
1271,307200,0.000,0.000,0,0,tiff_images-copy1269.tif
1272,307200,20.208,28.156,0,148,tiff_images-copy1270.tif
1273,307200,53.240,85.618,0,350,tiff_images-copy1271.tif
1274,307200,22.552,34.077,0,182,tiff_images-copy1272.tif
1275,307200,40.132,69.951,0,323,tiff_images-copy1273.tif
1276,307200,1042.997,134.149,523,1274,tiff_images-copy1274.tif
1277,307200,0.000,0.000,0,0,tiff_images-copy1275.tif
1278,307200,22.552,34.077,0,182,tiff_images-copy1276.tif
1279,307200,40.132,69.951,0,323,tiff_images-copy1277.tif
1280,307200,31.860,37.395,0,152,tiff_images-copy1278.tif
1281,307200,68.685,96.232,0,331,tiff_images-copy1279.tif
1282,307200,1042.997,134.149,523,1274,tiff_images-copy1280.tif
1283,307200,0.000,0.000,0,0,tiff_images-copy1281.tif
1284,307200,31.860,37.395,0,152,tiff_images-copy1282.tif
1285,307200,68.685,96.232,0,331,tiff_images-copy1283.tif
1286,307200,35.038,46.536,0,224,tiff_images-copy1284.tif
1287,307200,68.782,101.794,0,371,tiff_images-copy1285.tif
1288,307200,1042.997,134.149,523,1274,tiff_images-copy1286.tif
1289,307200,0.000,0.000,0,0,tiff_images-copy1287.tif
1290,307200,35.038,46.536,0,224,tiff_images-copy1288.tif
1291,307200,68.782,101.794,0,371,tiff_images-copy1289.tif
1292,307200,27.995,42.832,0,191,tiff_images-copy1290.tif
1293,307200,53.360,88.289,0,348,tiff_images-copy1291.tif
1294,307200,1042.997,134.149,523,1274,tiff_images-copy1292.tif
1295,307200,0.000,0.000,0,0,tiff_images-copy1293.tif
1296,307200,27.995,42.832,0,191,tiff_images-copy1294.tif
1297,307200,53.360,88.289,0,348,tiff_images-copy1295.tif
1298,307200,41.422,54.272,0,233,tiff_images-copy1296.tif
1299,307200,73.149,100.057,0,385,tiff_images-copy1297.tif
1300,307200,1042.997,134.149,523,1274,tiff_images-copy1298.tif
1301,307200,0.000,0.000,0,0,tiff_images-copy1299.tif
1302,307200,41.422,54.272,0,233,tiff_images-copy1300.tif
1303,307200,73.149,100.057,0,385,tiff_images-copy1301.tif
1304,307200,34.421,57.788,0,530,tiff_images-copy1302.tif
1305,307200,60.044,103.065,0,866,tiff_images-copy1303.tif
1306,307200,1042.997,134.149,523,1274,tiff_images-copy1304.tif
1307,307200,0.000,0.000,0,0,tiff_images-copy1305.tif
1308,307200,34.421,57.788,0,530,tiff_images-copy1306.tif
1309,307200,60.044,103.065,0,866,tiff_images-copy1307.tif
1310,307200,37.978,49.587,0,234,tiff_images-copy1308.tif
1311,307200,72.453,102.477,0,436,tiff_images-copy1309.tif
1312,307200,1042.997,134.149,523,1274,tiff_images-copy1310.tif
1313,307200,0.000,0.000,0,0,tiff_images-copy1311.tif
1314,307200,37.978,49.587,0,234,tiff_images-copy1312.tif
1315,307200,72.453,102.477,0,436,tiff_images-copy1313.tif
1316,307200,49.322,56.004,0,240,tiff_images-copy1314.tif
1317,307200,96.406,121.491,0,468,tiff_images-copy1315.tif
1318,307200,1042.997,134.149,523,1274,tiff_images-copy1316.tif
1319,307200,0.000,0.000,0,0,tiff_images-copy1317.tif
1320,307200,49.322,56.004,0,240,tiff_images-copy1318.tif
1321,307200,96.406,121.491,0,468,tiff_images-copy1319.tif
1322,307200,26.664,30.285,0,130,tiff_images-copy1320.tif
1323,307200,53.461,91.227,0,325,tiff_images-copy1321.tif
1324,307200,1042.997,134.149,523,1274,tiff_images-copy1322.tif
1325,307200,0.000,0.000,0,0,tiff_images-copy1323.tif
1326,307200,26.664,30.285,0,130,tiff_images-copy1324.tif
1327,307200,53.461,91.227,0,325,tiff_images-copy1325.tif
1328,307200,23.185,27.637,0,133,tiff_images-copy1326.tif
1329,307200,47.156,77.059,0,304,tiff_images-copy1327.tif
1330,307200,1042.997,134.149,523,1274,tiff_images-copy1328.tif
1331,307200,0.000,0.000,0,0,tiff_images-copy1329.tif
1332,307200,23.185,27.637,0,133,tiff_images-copy1330.tif
1333,307200,47.156,77.059,0,304,tiff_images-copy1331.tif
1334,307200,25.724,33.651,0,168,tiff_images-copy1332.tif
1335,307200,55.279,87.621,0,385,tiff_images-copy1333.tif
1336,307200,1042.997,134.149,523,1274,tiff_images-copy1334.tif
1337,307200,0.000,0.000,0,0,tiff_images-copy1335.tif
1338,307200,25.724,33.651,0,168,tiff_images-copy1336.tif
1339,307200,55.279,87.621,0,385,tiff_images-copy1337.tif
1340,307200,23.829,29.716,0,159,tiff_images-copy1338.tif
1341,307200,53.616,88.734,0,435,tiff_images-copy1339.tif
1342,307200,1042.997,134.149,523,1274,tiff_images-copy1340.tif
1343,307200,0.000,0.000,0,0,tiff_images-copy1341.tif
1344,307200,23.829,29.716,0,159,tiff_images-copy1342.tif
1345,307200,53.616,88.734,0,435,tiff_images-copy1343.tif
1346,307200,22.475,33.472,0,161,tiff_images-copy1344.tif
1347,307200,47.817,89.336,0,379,tiff_images-copy1345.tif
1348,307200,1042.997,134.149,523,1274,tiff_images-copy1346.tif
1349,307200,0.000,0.000,0,0,tiff_images-copy1347.tif
1350,307200,22.475,33.472,0,161,tiff_images-copy1348.tif
1351,307200,47.817,89.336,0,379,tiff_images-copy1349.tif
1352,307200,24.692,32.174,0,159,tiff_images-copy1350.tif
1353,307200,48.646,78.246,0,304,tiff_images-copy1351.tif
1354,307200,1042.997,134.149,523,1274,tiff_images-copy1352.tif
1355,307200,0.000,0.000,0,0,tiff_images-copy1353.tif
1356,307200,24.692,32.174,0,159,tiff_images-copy1354.tif
1357,307200,48.646,78.246,0,304,tiff_images-copy1355.tif
1358,307200,23.953,29.956,0,162,tiff_images-copy1356.tif
1359,307200,77.143,114.454,0,460,tiff_images-copy1357.tif
1360,307200,1042.997,134.149,523,1274,tiff_images-copy1358.tif
1361,307200,0.000,0.000,0,0,tiff_images-copy1359.tif
1362,307200,23.953,29.956,0,162,tiff_images-copy1360.tif
1363,307200,77.143,114.454,0,460,tiff_images-copy1361.tif
1364,307200,21.484,27.609,0,151,tiff_images-copy1362.tif
1365,307200,43.416,73.166,0,332,tiff_images-copy1363.tif
1366,307200,1042.997,134.149,523,1274,tiff_images-copy1364.tif
1367,307200,0.000,0.000,0,0,tiff_images-copy1365.tif
1368,307200,21.484,27.609,0,151,tiff_images-copy1366.tif
1369,307200,43.416,73.166,0,332,tiff_images-copy1367.tif
1370,307200,16.644,28.169,0,150,tiff_images-copy1368.tif
1371,307200,41.705,86.982,0,468,tiff_images-copy1369.tif
1372,307200,1042.997,134.149,523,1274,tiff_images-copy1370.tif
1373,307200,0.000,0.000,0,0,tiff_images-copy1371.tif
1374,307200,16.644,28.169,0,150,tiff_images-copy1372.tif
1375,307200,41.705,86.982,0,468,tiff_images-copy1373.tif
1376,307200,23.553,32.830,0,171,tiff_images-copy1374.tif
1377,307200,48.800,85.206,0,443,tiff_images-copy1375.tif
1378,307200,1042.997,134.149,523,1274,tiff_images-copy1376.tif
1379,307200,0.000,0.000,0,0,tiff_images-copy1377.tif
1380,307200,23.553,32.830,0,171,tiff_images-copy1378.tif
1381,307200,48.800,85.206,0,443,tiff_images-copy1379.tif
1382,307200,18.523,22.479,0,125,tiff_images-copy1380.tif
1383,307200,35.417,59.438,0,308,tiff_images-copy1381.tif
1384,307200,1042.997,134.149,523,1274,tiff_images-copy1382.tif
1385,307200,0.000,0.000,0,0,tiff_images-copy1383.tif
1386,307200,18.523,22.479,0,125,tiff_images-copy1384.tif
1387,307200,35.417,59.438,0,308,tiff_images-copy1385.tif
1388,307200,35.383,42.477,0,159,tiff_images-copy1386.tif
1389,307200,68.594,100.272,0,388,tiff_images-copy1387.tif
1390,307200,1042.997,134.149,523,1274,tiff_images-copy1388.tif
1391,307200,0.000,0.000,0,0,tiff_images-copy1389.tif
1392,307200,35.383,42.477,0,159,tiff_images-copy1390.tif
1393,307200,68.594,100.272,0,388,tiff_images-copy1391.tif
1394,307200,26.463,47.619,0,268,tiff_images-copy1392.tif
1395,307200,45.129,86.610,0,423,tiff_images-copy1393.tif
1396,307200,1042.997,134.149,523,1274,tiff_images-copy1394.tif
1397,307200,0.000,0.000,0,0,tiff_images-copy1395.tif
1398,307200,26.463,47.619,0,268,tiff_images-copy1396.tif
1399,307200,45.129,86.610,0,423,tiff_images-copy1397.tif
1400,307200,31.725,33.158,0,151,tiff_images-copy1398.tif
1401,307200,70.025,95.510,0,329,tiff_images-copy1399.tif
1402,307200,1042.997,134.149,523,1274,tiff_images-copy1400.tif
1403,307200,0.000,0.000,0,0,tiff_images-copy1401.tif
1404,307200,31.725,33.158,0,151,tiff_images-copy1402.tif
1405,307200,70.025,95.510,0,329,tiff_images-copy1403.tif
1406,307200,43.746,53.607,0,245,tiff_images-copy1404.tif
1407,307200,93.055,126.197,0,529,tiff_images-copy1405.tif
1408,307200,1042.997,134.149,523,1274,tiff_images-copy1406.tif
1409,307200,0.000,0.000,0,0,tiff_images-copy1407.tif
1410,307200,43.746,53.607,0,245,tiff_images-copy1408.tif
1411,307200,93.055,126.197,0,529,tiff_images-copy1409.tif
1412,307200,35.262,38.275,0,175,tiff_images-copy1410.tif
1413,307200,74.904,96.273,0,349,tiff_images-copy1411.tif
1414,307200,1042.997,134.149,523,1274,tiff_images-copy1412.tif
1415,307200,0.000,0.000,0,0,tiff_images-copy1413.tif
1416,307200,35.262,38.275,0,175,tiff_images-copy1414.tif
1417,307200,74.904,96.273,0,349,tiff_images-copy1415.tif
1418,307200,41.693,52.965,0,216,tiff_images-copy1416.tif
1419,307200,68.985,100.484,0,378,tiff_images-copy1417.tif
1420,307200,1042.997,134.149,523,1274,tiff_images-copy1418.tif
1421,307200,0.000,0.000,0,0,tiff_images-copy1419.tif
1422,307200,41.693,52.965,0,216,tiff_images-copy1420.tif
1423,307200,68.985,100.484,0,378,tiff_images-copy1421.tif
1424,307200,23.924,31.443,0,153,tiff_images-copy1422.tif
1425,307200,39.092,67.715,0,304,tiff_images-copy1423.tif
1426,307200,1042.997,134.149,523,1274,tiff_images-copy1424.tif
1427,307200,0.000,0.000,0,0,tiff_images-copy1425.tif
1428,307200,23.924,31.443,0,153,tiff_images-copy1426.tif
1429,307200,39.092,67.715,0,304,tiff_images-copy1427.tif
1430,307200,37.812,57.558,0,297,tiff_images-copy1428.tif
1431,307200,73.612,116.843,0,561,tiff_images-copy1429.tif
1432,307200,1042.997,134.149,523,1274,tiff_images-copy1430.tif
1433,307200,0.000,0.000,0,0,tiff_images-copy1431.tif
1434,307200,37.812,57.558,0,297,tiff_images-copy1432.tif
1435,307200,73.612,116.843,0,561,tiff_images-copy1433.tif
1436,307200,21.788,28.281,0,151,tiff_images-copy1434.tif
1437,307200,45.573,69.990,0,323,tiff_images-copy1435.tif
1438,307200,1042.997,134.149,523,1274,tiff_images-copy1436.tif
1439,307200,0.000,0.000,0,0,tiff_images-copy1437.tif
1440,307200,21.788,28.281,0,151,tiff_images-copy1438.tif
1441,307200,45.573,69.990,0,323,tiff_images-copy1439.tif
1442,307200,27.814,35.524,0,156,tiff_images-copy1440.tif
1443,307200,59.772,89.058,0,336,tiff_images-copy1441.tif
1444,307200,1042.997,134.149,523,1274,tiff_images-copy1442.tif
1445,307200,0.000,0.000,0,0,tiff_images-copy1443.tif
1446,307200,27.814,35.524,0,156,tiff_images-copy1444.tif
1447,307200,59.772,89.058,0,336,tiff_images-copy1445.tif
1448,307200,42.578,50.807,0,183,tiff_images-copy1446.tif
1449,307200,73.122,94.829,0,329,tiff_images-copy1447.tif
1450,307200,1042.997,134.149,523,1274,tiff_images-copy1448.tif
1451,307200,0.000,0.000,0,0,tiff_images-copy1449.tif
1452,307200,42.578,50.807,0,183,tiff_images-copy1450.tif
1453,307200,73.122,94.829,0,329,tiff_images-copy1451.tif
1454,307200,37.429,48.869,0,189,tiff_images-copy1452.tif
1455,307200,68.833,97.649,0,329,tiff_images-copy1453.tif
1456,307200,1042.997,134.149,523,1274,tiff_images-copy1454.tif
1457,307200,0.000,0.000,0,0,tiff_images-copy1455.tif
1458,307200,37.429,48.869,0,189,tiff_images-copy1456.tif
1459,307200,68.833,97.649,0,329,tiff_images-copy1457.tif
1460,307200,27.398,42.355,0,226,tiff_images-copy1458.tif
1461,307200,48.929,85.738,0,404,tiff_images-copy1459.tif
1462,307200,1042.997,134.149,523,1274,tiff_images-copy1460.tif
1463,307200,0.000,0.000,0,0,tiff_images-copy1461.tif
1464,307200,27.398,42.355,0,226,tiff_images-copy1462.tif
1465,307200,48.929,85.738,0,404,tiff_images-copy1463.tif
1466,307200,24.187,41.607,0,212,tiff_images-copy1464.tif
1467,307200,44.820,82.642,0,363,tiff_images-copy1465.tif
1468,307200,1042.997,134.149,523,1274,tiff_images-copy1466.tif
1469,307200,0.000,0.000,0,0,tiff_images-copy1467.tif
1470,307200,24.187,41.607,0,212,tiff_images-copy1468.tif
1471,307200,44.820,82.642,0,363,tiff_images-copy1469.tif
1472,307200,24.187,41.607,0,212,tiff_images-copy1470.tif
1473,307200,44.820,82.642,0,363,tiff_images-copy1471.tif
1474,307200,26.641,34.603,0,172,tiff_images-copy1472.tif
1475,307200,59.767,92.979,0,423,tiff_images-copy1473.tif
1476,307200,1042.997,134.149,523,1274,tiff_images-copy1474.tif
1477,307200,0.000,0.000,0,0,tiff_images-copy1475.tif
1478,307200,26.641,34.603,0,172,tiff_images-copy1476.tif
1479,307200,59.767,92.979,0,423,tiff_images-copy1477.tif
1480,307200,20.726,31.184,0,160,tiff_images-copy1478.tif
1481,307200,34.298,58.154,0,267,tiff_images-copy1479.tif
1482,307200,1042.997,134.149,523,1274,tiff_images-copy1480.tif
1483,307200,0.000,0.000,0,0,tiff_images-copy1481.tif
1484,307200,20.726,31.184,0,160,tiff_images-copy1482.tif
1485,307200,34.298,58.154,0,267,tiff_images-copy1483.tif
1486,307200,22.846,33.958,0,190,tiff_images-copy1484.tif
1487,307200,37.680,70.979,0,441,tiff_images-copy1485.tif
1488,307200,1042.997,134.149,523,1274,tiff_images-copy1486.tif
1489,307200,0.000,0.000,0,0,tiff_images-copy1487.tif
1490,307200,22.846,33.958,0,190,tiff_images-copy1488.tif
1491,307200,37.680,70.979,0,441,tiff_images-copy1489.tif
1492,307200,20.753,28.779,0,155,tiff_images-copy1490.tif
1493,307200,41.626,70.321,0,304,tiff_images-copy1491.tif
1494,307200,1042.997,134.149,523,1274,tiff_images-copy1492.tif
1495,307200,0.000,0.000,0,0,tiff_images-copy1493.tif
1496,307200,20.753,28.779,0,155,tiff_images-copy1494.tif
1497,307200,41.626,70.321,0,304,tiff_images-copy1495.tif
1498,307200,20.543,33.681,0,181,tiff_images-copy1496.tif
1499,307200,38.685,73.054,0,349,tiff_images-copy1497.tif
1500,307200,1042.997,134.149,523,1274,tiff_images-copy1498.tif
1501,307200,0.000,0.000,0,0,tiff_images-copy1499.tif
1502,307200,20.543,33.681,0,181,tiff_images-copy1500.tif
1503,307200,38.685,73.054,0,349,tiff_images-copy1501.tif
1504,307200,25.116,33.260,0,159,tiff_images-copy1502.tif
1505,307200,69.935,105.908,0,507,tiff_images-copy1503.tif
1506,307200,1042.997,134.149,523,1274,tiff_images-copy1504.tif
1507,307200,0.000,0.000,0,0,tiff_images-copy1505.tif
1508,307200,25.116,33.260,0,159,tiff_images-copy1506.tif
1509,307200,69.935,105.908,0,507,tiff_images-copy1507.tif
1510,307200,28.853,38.087,0,191,tiff_images-copy1508.tif
1511,307200,46.457,73.484,0,340,tiff_images-copy1509.tif
1512,307200,1042.997,134.149,523,1274,tiff_images-copy1510.tif
1513,307200,0.000,0.000,0,0,tiff_images-copy1511.tif
1514,307200,28.853,38.087,0,191,tiff_images-copy1512.tif
1515,307200,46.457,73.484,0,340,tiff_images-copy1513.tif
1516,307200,37.912,44.373,0,239,tiff_images-copy1514.tif
1517,307200,82.233,108.300,0,496,tiff_images-copy1515.tif
1518,307200,1042.997,134.149,523,1274,tiff_images-copy1516.tif
1519,307200,0.000,0.000,0,0,tiff_images-copy1517.tif
1520,307200,37.912,44.373,0,239,tiff_images-copy1518.tif
1521,307200,82.233,108.300,0,496,tiff_images-copy1519.tif
1522,307200,22.634,33.827,0,182,tiff_images-copy1520.tif
1523,307200,48.941,81.105,0,394,tiff_images-copy1521.tif
1524,307200,1042.997,134.149,523,1274,tiff_images-copy1522.tif
1525,307200,0.000,0.000,0,0,tiff_images-copy1523.tif
1526,307200,22.634,33.827,0,182,tiff_images-copy1524.tif
1527,307200,48.941,81.105,0,394,tiff_images-copy1525.tif
1528,307200,21.270,33.031,0,210,tiff_images-copy1526.tif
1529,307200,30.663,51.023,0,297,tiff_images-copy1527.tif
1530,307200,1042.997,134.149,523,1274,tiff_images-copy1528.tif
1531,307200,0.000,0.000,0,0,tiff_images-copy1529.tif
1532,307200,21.270,33.031,0,210,tiff_images-copy1530.tif
1533,307200,30.663,51.023,0,297,tiff_images-copy1531.tif
1534,307200,21.245,25.354,0,132,tiff_images-copy1532.tif
1535,307200,48.416,74.522,0,312,tiff_images-copy1533.tif
1536,307200,1042.997,134.149,523,1274,tiff_images-copy1534.tif
1537,307200,0.000,0.000,0,0,tiff_images-copy1535.tif
1538,307200,21.245,25.354,0,132,tiff_images-copy1536.tif
1539,307200,48.416,74.522,0,312,tiff_images-copy1537.tif
1540,307200,25.839,32.834,0,158,tiff_images-copy1538.tif
1541,307200,65.495,93.774,0,363,tiff_images-copy1539.tif
1542,307200,1042.997,134.149,523,1274,tiff_images-copy1540.tif
1543,307200,0.000,0.000,0,0,tiff_images-copy1541.tif
1544,307200,25.839,32.834,0,158,tiff_images-copy1542.tif
1545,307200,65.495,93.774,0,363,tiff_images-copy1543.tif
1546,307200,25.678,28.584,0,140,tiff_images-copy1544.tif
1547,307200,68.243,94.568,0,361,tiff_images-copy1545.tif
1548,307200,1042.997,134.149,523,1274,tiff_images-copy1546.tif
1549,307200,0.000,0.000,0,0,tiff_images-copy1547.tif
1550,307200,25.678,28.584,0,140,tiff_images-copy1548.tif
1551,307200,68.243,94.568,0,361,tiff_images-copy1549.tif
1552,307200,32.950,43.490,0,200,tiff_images-copy1550.tif
1553,307200,71.115,100.701,0,401,tiff_images-copy1551.tif
1554,307200,1042.997,134.149,523,1274,tiff_images-copy1552.tif
1555,307200,0.000,0.000,0,0,tiff_images-copy1553.tif
1556,307200,32.950,43.490,0,200,tiff_images-copy1554.tif
1557,307200,71.115,100.701,0,401,tiff_images-copy1555.tif
1558,307200,27.391,38.166,0,187,tiff_images-copy1556.tif
1559,307200,73.514,117.119,0,651,tiff_images-copy1557.tif
1560,307200,1042.997,134.149,523,1274,tiff_images-copy1558.tif
1561,307200,0.000,0.000,0,0,tiff_images-copy1559.tif
1562,307200,27.391,38.166,0,187,tiff_images-copy1560.tif
1563,307200,73.514,117.119,0,651,tiff_images-copy1561.tif
1564,307200,27.497,42.257,0,218,tiff_images-copy1562.tif
1565,307200,52.569,86.151,0,362,tiff_images-copy1563.tif
1566,307200,1042.997,134.149,523,1274,tiff_images-copy1564.tif
1567,307200,0.000,0.000,0,0,tiff_images-copy1565.tif
1568,307200,27.497,42.257,0,218,tiff_images-copy1566.tif
1569,307200,52.569,86.151,0,362,tiff_images-copy1567.tif
1570,307200,16.277,22.191,0,125,tiff_images-copy1568.tif
1571,307200,31.686,58.659,0,252,tiff_images-copy1569.tif
1572,307200,1042.997,134.149,523,1274,tiff_images-copy1570.tif
1573,307200,0.000,0.000,0,0,tiff_images-copy1571.tif
1574,307200,16.277,22.191,0,125,tiff_images-copy1572.tif
1575,307200,31.686,58.659,0,252,tiff_images-copy1573.tif
1576,307200,27.378,31.983,0,156,tiff_images-copy1574.tif
1577,307200,70.164,95.310,0,397,tiff_images-copy1575.tif
1578,307200,1042.997,134.149,523,1274,tiff_images-copy1576.tif
1579,307200,0.000,0.000,0,0,tiff_images-copy1577.tif
1580,307200,27.378,31.983,0,156,tiff_images-copy1578.tif
1581,307200,70.164,95.310,0,397,tiff_images-copy1579.tif
1582,307200,35.723,43.329,0,206,tiff_images-copy1580.tif
1583,307200,63.895,87.095,0,342,tiff_images-copy1581.tif
1584,307200,1042.997,134.149,523,1274,tiff_images-copy1582.tif
1585,307200,0.000,0.000,0,0,tiff_images-copy1583.tif
1586,307200,35.723,43.329,0,206,tiff_images-copy1584.tif
1587,307200,63.895,87.095,0,342,tiff_images-copy1585.tif
1588,307200,21.245,32.040,0,175,tiff_images-copy1586.tif
1589,307200,51.046,89.545,0,445,tiff_images-copy1587.tif
1590,307200,1042.997,134.149,523,1274,tiff_images-copy1588.tif
1591,307200,0.000,0.000,0,0,tiff_images-copy1589.tif
1592,307200,21.245,32.040,0,175,tiff_images-copy1590.tif
1593,307200,51.046,89.545,0,445,tiff_images-copy1591.tif
1594,307200,23.103,25.399,0,114,tiff_images-copy1592.tif
1595,307200,62.823,92.897,0,318,tiff_images-copy1593.tif
1596,307200,1042.997,134.149,523,1274,tiff_images-copy1594.tif
1597,307200,0.000,0.000,0,0,tiff_images-copy1595.tif
1598,307200,23.103,25.399,0,114,tiff_images-copy1596.tif
1599,307200,62.823,92.897,0,318,tiff_images-copy1597.tif
1600,307200,23.105,32.040,0,172,tiff_images-copy1598.tif
1601,307200,36.928,59.393,0,293,tiff_images-copy1599.tif
1602,307200,1042.997,134.149,523,1274,tiff_images-copy1600.tif
1603,307200,0.000,0.000,0,0,tiff_images-copy1601.tif
1604,307200,23.105,32.040,0,172,tiff_images-copy1602.tif
1605,307200,36.928,59.393,0,293,tiff_images-copy1603.tif
1606,307200,21.674,31.144,0,179,tiff_images-copy1604.tif
1607,307200,42.362,75.625,0,374,tiff_images-copy1605.tif
1608,307200,1042.997,134.149,523,1274,tiff_images-copy1606.tif
1609,307200,0.000,0.000,0,0,tiff_images-copy1607.tif
1610,307200,21.674,31.144,0,179,tiff_images-copy1608.tif
1611,307200,42.362,75.625,0,374,tiff_images-copy1609.tif
1612,307200,27.993,37.331,0,183,tiff_images-copy1610.tif
1613,307200,68.645,102.571,0,442,tiff_images-copy1611.tif
1614,307200,1042.997,134.149,523,1274,tiff_images-copy1612.tif
1615,307200,0.000,0.000,0,0,tiff_images-copy1613.tif
1616,307200,27.993,37.331,0,183,tiff_images-copy1614.tif
1617,307200,68.645,102.571,0,442,tiff_images-copy1615.tif
1618,307200,37.848,41.739,0,191,tiff_images-copy1616.tif
1619,307200,68.308,102.156,0,420,tiff_images-copy1617.tif
1620,307200,1042.997,134.149,523,1274,tiff_images-copy1618.tif
1621,307200,0.000,0.000,0,0,tiff_images-copy1619.tif
1622,307200,37.848,41.739,0,191,tiff_images-copy1620.tif
1623,307200,68.308,102.156,0,420,tiff_images-copy1621.tif
1624,307200,25.133,36.791,0,193,tiff_images-copy1622.tif
1625,307200,53.104,89.081,0,413,tiff_images-copy1623.tif
1626,307200,1042.997,134.149,523,1274,tiff_images-copy1624.tif
1627,307200,0.000,0.000,0,0,tiff_images-copy1625.tif
1628,307200,25.133,36.791,0,193,tiff_images-copy1626.tif
1629,307200,53.104,89.081,0,413,tiff_images-copy1627.tif
1630,307200,19.917,26.968,0,132,tiff_images-copy1628.tif
1631,307200,51.237,84.990,0,366,tiff_images-copy1629.tif
1632,307200,1042.997,134.149,523,1274,tiff_images-copy1630.tif
1633,307200,0.000,0.000,0,0,tiff_images-copy1631.tif
1634,307200,19.917,26.968,0,132,tiff_images-copy1632.tif
1635,307200,51.237,84.990,0,366,tiff_images-copy1633.tif
1636,307200,17.483,22.500,0,120,tiff_images-copy1634.tif
1637,307200,29.024,50.925,0,276,tiff_images-copy1635.tif
1638,307200,1042.997,134.149,523,1274,tiff_images-copy1636.tif
1639,307200,0.000,0.000,0,0,tiff_images-copy1637.tif
1640,307200,17.483,22.500,0,120,tiff_images-copy1638.tif
1641,307200,29.024,50.925,0,276,tiff_images-copy1639.tif
1642,307200,23.182,28.902,0,146,tiff_images-copy1640.tif
1643,307200,38.063,64.058,0,273,tiff_images-copy1641.tif
1644,307200,1042.997,134.149,523,1274,tiff_images-copy1642.tif
1645,307200,0.000,0.000,0,0,tiff_images-copy1643.tif
1646,307200,23.182,28.902,0,146,tiff_images-copy1644.tif
1647,307200,38.063,64.058,0,273,tiff_images-copy1645.tif
1648,307200,35.056,39.677,0,168,tiff_images-copy1646.tif
1649,307200,85.859,109.806,0,398,tiff_images-copy1647.tif
1650,307200,1042.997,134.149,523,1274,tiff_images-copy1648.tif
1651,307200,0.000,0.000,0,0,tiff_images-copy1649.tif
1652,307200,35.056,39.677,0,168,tiff_images-copy1650.tif
1653,307200,85.859,109.806,0,398,tiff_images-copy1651.tif
1654,307200,33.373,43.610,0,253,tiff_images-copy1652.tif
1655,307200,53.658,84.309,0,315,tiff_images-copy1653.tif
1656,307200,1042.997,134.149,523,1274,tiff_images-copy1654.tif
1657,307200,0.000,0.000,0,0,tiff_images-copy1655.tif
1658,307200,33.373,43.610,0,253,tiff_images-copy1656.tif
1659,307200,53.658,84.309,0,315,tiff_images-copy1657.tif
1660,307200,33.096,43.809,0,227,tiff_images-copy1658.tif
1661,307200,71.841,101.753,0,436,tiff_images-copy1659.tif
1662,307200,1042.997,134.149,523,1274,tiff_images-copy1660.tif
1663,307200,0.000,0.000,0,0,tiff_images-copy1661.tif
1664,307200,33.096,43.809,0,227,tiff_images-copy1662.tif
1665,307200,71.841,101.753,0,436,tiff_images-copy1663.tif
1666,307200,19.864,27.066,0,135,tiff_images-copy1664.tif
1667,307200,50.712,79.961,0,351,tiff_images-copy1665.tif
1668,307200,1042.997,134.149,523,1274,tiff_images-copy1666.tif
1669,307200,0.000,0.000,0,0,tiff_images-copy1667.tif
1670,307200,19.864,27.066,0,135,tiff_images-copy1668.tif
1671,307200,50.712,79.961,0,351,tiff_images-copy1669.tif
1672,307200,30.183,48.315,0,239,tiff_images-copy1670.tif
1673,307200,48.905,82.815,0,355,tiff_images-copy1671.tif
1674,307200,1042.997,134.149,523,1274,tiff_images-copy1672.tif
1675,307200,0.000,0.000,0,0,tiff_images-copy1673.tif
1676,307200,30.183,48.315,0,239,tiff_images-copy1674.tif
1677,307200,48.905,82.815,0,355,tiff_images-copy1675.tif
1678,307200,43.487,43.299,0,165,tiff_images-copy1676.tif
1679,307200,81.735,94.449,0,314,tiff_images-copy1677.tif
1680,307200,1042.997,134.149,523,1274,tiff_images-copy1678.tif
1681,307200,0.000,0.000,0,0,tiff_images-copy1679.tif
1682,307200,43.487,43.299,0,165,tiff_images-copy1680.tif
1683,307200,81.735,94.449,0,314,tiff_images-copy1681.tif
1684,307200,5.692,4.833,0,92,tiff_images-copy1682.tif
1685,307200,4.789,5.043,0,92,tiff_images-copy1683.tif
1686,307200,1042.997,134.149,523,1274,tiff_images-copy1684.tif
1687,307200,0.000,0.000,0,0,tiff_images-copy1685.tif
1688,307200,5.692,4.833,0,92,tiff_images-copy1686.tif
1689,307200,4.789,5.043,0,92,tiff_images-copy1687.tif
