SampleID,Run,Interval,Light_Value,N_points,O2_start,O2_end,DeltaT_min,DeltaT_max,O2_min,O2_max,Slope,Avg_Blank_Slope,Blank_Corrected_Slope
MC-211-A1,1,1,0,301,255.512,249.532,70.498,85.497,249.436,256.052,-0.573648004751277,-0.08532853471328651,-0.4883194700379905
MC-211-A1,1,2,155,231,197.055,200.275,0,11.497,196.895,200.465,0.33921818370319085,-0.10425252965221793,0.4434707133554088
MC-211-A1,1,3,269,201,200.676,206.349,12.497,22.497,200.654,206.466,0.5898131942550155,-0.09321195766880788,0.6830251519238234
MC-211-A1,1,4,472,221,207.246,216.448,23.497,34.497,207.167,216.662,0.8890097906292376,-0.09917094573951775,0.9881807363687554
MC-211-A1,1,5,824,221,217.601,228.937,35.498,46.497,217.495,228.937,1.0475326036538595,-0.10201069939719426,1.1495433030510538
MC-211-A1,1,6,1017,201,230.136,240.996,47.497,57.498,230.023,240.996,1.1138479243518968,-0.1035655688819086,1.2174134932338054
MC-211-A1,1,7,1313,221,242.181,254.387,58.497,69.498,242.132,254.387,1.1278312591696713,-0.10949362442610198,1.2373248835957733
PC-247-A3,2,1,0,300,258.594,249.884,179.514,194.464,249.884,261.043,-0.9471084695899143,-0.08532853471328651,-0.8617799348766279
PC-247-A3,2,2,155,200,195.421,195.905,113.514,123.464,195.116,196.029,0.06297130108508209,-0.10425252965221793,0.16722383073730002
PC-247-A3,2,3,269,200,195.902,200.434,124.514,134.464,195.844,200.562,0.5261054484733542,-0.09321195766880788,0.619317406142162
PC-247-A3,2,4,472,200,201.066,210.076,135.514,145.464,201.066,210.076,0.9613106965274164,-0.09917094573951775,1.060481642266934
PC-247-A3,2,5,824,200,211.033,223.274,146.514,156.464,211.033,223.274,1.2881914952945277,-0.10201069939719426,1.390202194691722
PC-247-A3,2,6,1017,200,224.599,239.393,157.514,167.464,224.599,239.393,1.4758433654727303,-0.1035655688819086,1.579408934354639
PC-247-A3,2,7,1313,200,240.784,257.183,168.514,178.464,240.784,257.183,1.6712849990884169,-0.10949362442610198,1.7807786235145189
PC-27-A3,3,1,0,300,240.767,233.466,283.514,298.464,233.347,240.985,-0.5909790814921972,-0.08532853471328651,-0.5056505467789107
PC-27-A3,3,2,155,210,200.483,196.212,216.008,226.464,195.752,200.483,0.035506708407870485,-0.10425252965221793,0.13975923806008841
PC-27-A3,3,3,269,200,196.351,199.405,227.514,237.464,196.126,199.423,0.3408015583686018,-0.09321195766880788,0.4340135160374097
PC-27-A3,3,4,472,200,199.726,205.827,238.514,248.464,199.724,205.827,0.638206114162877,-0.09917094573951775,0.7373770599023948
PC-27-A3,3,5,824,200,206.564,214.741,249.514,259.464,206.347,214.82,0.8616655868314078,-0.10201069939719426,0.9636762862286021
PC-27-A3,3,6,1017,200,215.703,226.013,260.514,270.464,215.703,226.013,1.02032307342406,-0.1035655688819086,1.1238886423059686
PC-27-A3,3,7,1313,200,227.073,238.264,271.514,281.464,226.913,238.304,1.143230733839429,-0.10949362442610198,1.252724358265531
PC-242-A3,4,1,0,300,297.511,282.111,383.53,398.48,281.966,299.055,-1.3777677912916975,-0.08532853471328651,-1.2924392565784109
PC-242-A3,4,2,155,200,200.01,198.259,315.531,325.48,197.341,200.027,0.08810455004148372,-0.10425252965221793,0.19235707969370164
PC-242-A3,4,3,269,200,198.294,205.806,326.531,336.48,198.294,205.806,0.823039165414513,-0.09321195766880788,0.9162511230833209
PC-242-A3,4,4,472,220,206.699,222.359,337.53,348.481,206.686,222.359,1.508597391588979,-0.09917094573951775,1.6077683373284968
PC-242-A3,4,5,824,200,223.992,242.742,349.531,359.481,223.992,242.814,1.9083044671873808,-0.10201069939719426,2.010315166584575
PC-242-A3,4,6,1017,200,244.717,266.429,360.53,370.48,244.717,266.429,2.1944303703049033,-0.1035655688819086,2.297995939186812
PC-242-A3,4,7,1313,200,268.628,292.437,371.531,381.48,268.628,292.545,2.418445754940129,-0.10949362442610198,2.527939379366231
PC-242-H3,5,1,0,300,208.849,204.472,498.514,513.464,204.38,209.539,-0.41887881079128875,-0.08532853471328651,-0.33355027607800225
PC-242-H3,5,2,155,200,195.991,196.427,432.514,442.464,195.522,196.47,0.06590657676934973,-0.10425252965221793,0.17015910642156767
PC-242-H3,5,3,269,200,196.439,198.058,443.514,453.464,196.277,198.19,0.17544378221149498,-0.09321195766880788,0.2686557398803029
PC-242-H3,5,4,472,200,198.28,200.639,454.514,464.464,198.12,200.703,0.23803257588267301,-0.09917094573951775,0.33720352162219075
PC-242-H3,5,5,824,200,200.944,203.495,465.514,475.464,200.871,203.637,0.2666462308820259,-0.10201069939719426,0.36865693027922014
PC-242-H3,5,6,1017,200,203.643,206.236,476.514,486.464,203.621,206.466,0.2547291484931896,-0.1035655688819086,0.3582947173750982
PC-242-H3,5,7,1313,200,206.391,208.752,487.514,497.464,206.391,208.759,0.20118411880350678,-0.10949362442610198,0.3106777432296088
MC-204-H1,6,1,0,360,212.959,205.798,596.53,614.481,205.642,213.282,-0.5012508307167942,-0.08532853471328651,-0.4159222960035077
MC-204-H1,6,2,155,193,188.163,186.907,530.878,540.48,186.41,188.163,-0.02341893779830202,-0.10425252965221793,0.0808335918539159
MC-204-H1,6,3,269,200,186.968,189.825,541.53,551.481,186.791,189.909,0.3053422289279242,-0.09321195766880788,0.39855418659673203
MC-204-H1,6,4,472,200,190.012,194.947,552.53,562.481,190.012,195.117,0.5093661810024467,-0.09917094573951775,0.6085371267419645
MC-204-H1,6,5,824,200,195.486,201.015,563.53,573.481,195.422,201.015,0.5510552867446308,-0.10201069939719426,0.6530659861418251
MC-204-H1,6,6,1017,200,201.444,206.883,574.531,584.48,201.444,206.883,0.5202597793864593,-0.1035655688819086,0.6238253482683679
MC-204-H1,6,7,1313,200,207.295,212.098,585.531,595.481,207.213,212.134,0.4887015360831562,-0.10949362442610198,0.5981951605092581
MC-206-H2,7,1,0,300,212.747,207.792,699.531,714.481,207.715,213.843,-0.5629364015433677,-0.08532853471328651,-0.47760786683008116
MC-206-H2,7,2,155,200,185.498,183.173,632.522,642.481,183.102,185.498,-0.03752037057569215,-0.10425252965221793,0.06673215907652577
MC-206-H2,7,3,269,200,183.397,185.767,643.53,653.481,183.216,186.048,0.30382749315679175,-0.09321195766880788,0.39703945082559966
MC-206-H2,7,4,472,220,186.339,191.722,654.531,665.481,186.225,191.762,0.5432020389509672,-0.09917094573951775,0.642372984690485
MC-206-H2,7,5,824,200,192.338,198.583,666.531,676.48,192.222,198.583,0.6263744488954293,-0.10201069939719426,0.7283851482926236
MC-206-H2,7,6,1017,200,198.911,205.473,677.531,687.481,198.911,205.497,0.6435732096755412,-0.1035655688819086,0.7471387785574498
MC-206-H2,7,7,1313,200,206.071,212.216,688.53,698.48,206.067,212.216,0.6169203173527872,-0.10949362442610198,0.7264139417788892
MC-214-H3,8,1,0,300,183.994,178.707,799.531,814.48,178.673,184.1,-0.3773520295610321,-0.08532853471328651,-0.2920234948477456
MC-214-H3,8,2,155,214,180.494,176.538,731.834,742.48,176.351,180.494,-0.16563487036878308,-0.10425252965221793,-0.06138234071656515
MC-214-H3,8,3,269,200,176.356,176.12,743.53,753.48,175.718,176.416,-0.0018721478864202575,-0.09321195766880788,0.09133980978238762
MC-214-H3,8,4,472,200,176.215,177.19,754.53,764.48,175.89,177.419,0.15232607702391274,-0.09917094573951775,0.2514970227634305
MC-214-H3,8,5,824,200,177.418,179.095,765.531,775.48,177.291,179.306,0.20019949042571292,-0.10201069939719426,0.30221018982290715
MC-214-H3,8,6,1017,200,179.386,181.335,776.531,786.481,179.354,181.38,0.19423115128198865,-0.1035655688819086,0.29779672016389724
MC-214-H3,8,7,1313,200,181.46,183.426,787.531,797.48,181.457,183.431,0.18712794737099825,-0.10949362442610198,0.29662157179710025
PC-235-A2,1,1,0,300,256.183,246.551,70.15,85.1,246.551,257.189,-0.9025534474488035,-0.08532853471328651,-0.817224912735517
PC-235-A2,1,2,155,223,192.154,192.417,0,11.1,191.548,192.596,0.07522771040816043,-0.10425252965221793,0.17948024006037835
PC-235-A2,1,3,269,200,192.72,196.884,12.15,22.1,192.449,196.932,0.5041251326797029,-0.09321195766880788,0.5973370903485108
PC-235-A2,1,4,472,220,197.581,207.156,23.15,34.101,197.417,207.156,0.9302522055589194,-0.09917094573951775,1.029423151298437
PC-235-A2,1,5,824,220,208.147,220.459,35.15,46.1,208.085,220.723,1.1900046266769262,-0.10201069939719426,1.2920153260741205
PC-235-A2,1,6,1017,200,221.578,234.848,47.15,57.1,221.566,235.03,1.3769652105304044,-0.1035655688819086,1.480530779412313
PC-235-A2,1,7,1313,220,236.527,254.072,58.15,69.1,236.308,254.076,1.6302760859993175,-0.10949362442610198,1.7397697104254195
PC-41-A3,2,1,0,300,313.997,302.518,179.15,194.1,301.937,318.649,-1.4549695468580048,-0.08532853471328651,-1.3696410121447182
PC-41-A3,2,2,155,194,197.873,198.699,113.452,123.1,197.362,198.786,0.13014394020844033,-0.10425252965221793,0.23439646986065826
PC-41-A3,2,3,269,200,198.876,206.869,124.151,134.101,198.876,206.869,0.9235063304701168,-0.09321195766880788,1.0167182881389247
PC-41-A3,2,4,472,200,208.08,223.99,135.151,145.1,208.08,224.02,1.7649657465200024,-0.09917094573951775,1.8641366922595202
PC-41-A3,2,5,824,200,225.988,248.203,146.151,156.101,225.988,248.203,2.2851254459573207,-0.10201069939719426,2.387136145354515
PC-41-A3,2,6,1017,200,250.943,277.142,157.15,167.1,250.858,277.142,2.679943740887613,-0.1035655688819086,2.7835093097695216
PC-41-A3,2,7,1313,200,280.084,310.651,168.151,178.1,280.084,310.651,3.120766124459236,-0.10949362442610198,3.230259748885338
PC-42-A1,3,1,0,301,250.408,245.541,283.134,298.133,245.541,250.866,-0.42879440261332263,-0.08532853471328651,-0.34346586790003614
PC-42-A1,3,2,155,203,211.422,211.895,216.031,226.134,210.896,212.071,0.10861115660332145,-0.10425252965221793,0.21286368625553936
PC-42-A1,3,3,269,201,212.056,215.527,227.134,237.133,212.04,215.66,0.3719228225815635,-0.09321195766880788,0.46513478025037136
PC-42-A1,3,4,472,201,215.993,221.959,238.134,248.134,215.879,221.959,0.6253225429285534,-0.09917094573951775,0.7244934886680712
PC-42-A1,3,5,824,201,222.305,229.845,249.134,259.133,222.305,229.857,0.762526223524927,-0.10201069939719426,0.8645369229221214
PC-42-A1,3,6,1017,201,230.531,238.852,260.133,270.134,230.531,238.852,0.8330681615477963,-0.1035655688819086,0.9366337304297049
PC-42-A1,3,7,1313,201,239.546,248.406,271.134,281.134,239.546,248.459,0.8736990637838893,-0.10949362442610198,0.9831926882099913
blank,4,1,0,301,197.711,196.431,383.133,398.134,196.229,197.942,-0.09334249955062406,-0.08532853471328651,-0.008013964837337545
blank,4,2,155,196,203.544,202.626,315.38,325.134,202.417,203.608,-0.06232056886014026,-0.10425252965221793,0.04193196079207767
blank,4,3,269,201,202.286,201.773,326.133,336.134,201.713,202.624,-0.05826427979931356,-0.09321195766880788,0.03494767786949432
blank,4,4,472,221,201.778,201.061,337.133,348.133,200.745,201.906,-0.07083567740843019,-0.09917094573951775,0.028335268331087557
blank,4,5,824,201,200.803,200.087,349.134,359.133,199.886,200.92,-0.07874652095324856,-0.10201069939719426,0.023264178443945696
blank,4,6,1017,201,199.845,198.907,360.133,370.134,198.785,200.073,-0.0965753956598729,-0.1035655688819086,0.006990173222035698
blank,4,7,1313,201,198.981,197.877,371.134,381.134,197.752,198.981,-0.09799810602953637,-0.10949362442610198,0.01149551839656561
PC-244-H2,5,1,0,300,194.494,190.155,498.15,513.1,189.969,195.058,-0.3941069646047256,-0.08532853471328651,-0.3087784298914391
PC-244-H2,5,2,155,195,196.649,194.888,432.401,442.1,194.82,196.675,-0.1435617677966564,-0.10425252965221793,-0.03930923814443846
PC-244-H2,5,3,269,200,194.665,193.541,443.15,453.1,193.516,194.75,-0.0933732203500138,-0.09321195766880788,-1.6126268120592036e-4
PC-244-H2,5,4,472,200,193.623,193.193,454.15,464.1,193.033,193.644,-0.02498939443626157,-0.09917094573951775,0.07418155130325618
PC-244-H2,5,5,824,200,193.218,193.303,465.15,475.1,192.985,193.444,0.012065907183254091,-0.10201069939719426,0.11407660658044835
PC-244-H2,5,6,1017,200,193.52,193.883,476.15,486.1,193.119,193.916,0.04431394386700721,-0.1035655688819086,0.1478795127489158
PC-244-H2,5,7,1313,200,193.856,194.498,487.15,497.101,193.66,194.557,0.058093806783175495,-0.10949362442610198,0.1675874312092775
MC-12-H1,6,1,0,360,234.429,224.795,596.15,614.1,224.795,236.236,-0.7675217749882901,-0.08532853471328651,-0.6821932402750036
MC-12-H1,6,2,155,186,191.158,189.122,530.854,540.1,188.866,191.158,-0.03975068635849277,-0.10425252965221793,0.06450184329372516
MC-12-H1,6,3,269,200,188.983,192.189,541.15,551.1,188.892,192.333,0.38122216898095074,-0.09321195766880788,0.4744341266497586
MC-12-H1,6,4,472,200,192.599,199.668,552.151,562.1,192.55,199.887,0.7796099548394871,-0.09917094573951775,0.8787809005790049
MC-12-H1,6,5,824,200,200.662,209.926,563.151,573.1,200.57,210.004,0.952766855673545,-0.10201069939719426,1.0547775550707392
MC-12-H1,6,6,1017,200,210.947,220.695,574.15,584.1,210.947,220.809,0.9904965760284042,-0.1035655688819086,1.0940621449103127
MC-12-H1,6,7,1313,200,221.912,232.738,585.15,595.1,221.655,232.944,1.184143083784588,-0.10949362442610198,1.29363670821069
PC-239-H3,7,1,0,300,197.342,190.717,699.15,714.1,190.717,197.862,-0.5904426954809966,-0.08532853471328651,-0.5051141607677101
PC-239-H3,7,2,155,193,191.294,186.848,632.503,642.1,186.604,191.294,-0.3120430185546613,-0.10425252965221793,-0.2077904889024434
PC-239-H3,7,3,269,200,186.57,186.118,643.15,653.1,185.618,186.632,-0.02659444091589042,-0.09321195766880788,0.06661751675291747
PC-239-H3,7,4,472,220,186.126,187.803,654.15,665.101,185.707,188.037,0.20069253109594773,-0.09917094573951775,0.2998634768354655
PC-239-H3,7,5,824,200,188.198,190.924,666.15,676.101,187.895,190.924,0.28540353618333697,-0.10201069939719426,0.38741423558053123
PC-239-H3,7,6,1017,200,191.046,194,677.151,687.1,190.928,194.18,0.3021103493480281,-0.1035655688819086,0.4056759182299367
PC-239-H3,7,7,1313,200,194.297,196.965,688.151,698.1,194.154,197.123,0.2828176330752813,-0.10949362442610198,0.3923112575013833
PC-26-H2,8,1,0,301,211.44,200.568,799.134,814.134,200.568,212.133,-0.9325254521808858,-0.08532853471328651,-0.8471969174675993
PC-26-H2,8,2,155,206,182.164,177.903,731.883,742.134,177.847,182.164,-0.31639849126896763,-0.10425252965221793,-0.2121459616167497
PC-26-H2,8,3,269,201,177.839,178.812,743.133,753.134,177.274,178.945,0.20863155519227208,-0.09321195766880788,0.30184351286107997
PC-26-H2,8,4,472,201,178.953,184.538,754.134,764.134,178.914,184.556,0.623221511617965,-0.09917094573951775,0.7223924573574828
PC-26-H2,8,5,824,201,185.084,192.082,765.133,775.133,185.084,192.56,0.7567348983904941,-0.10201069939719426,0.8587455977876883
PC-26-H2,8,6,1017,201,192.983,201.199,776.133,786.134,192.724,201.199,0.8067220501660205,-0.1035655688819086,0.9102876190479291
PC-26-H2,8,7,1313,201,201.829,209.809,787.134,797.134,201.829,209.842,0.773815994345906,-0.10949362442610198,0.883309618772008
PC-28-A1,1,1,0,300,234.633,228.954,70.499,85.448,228.776,235.307,-0.5111251023025023,-0.08532853471328651,-0.4257965675892158
PC-28-A1,1,2,155,230,191.368,193.748,0,11.449,191.17,193.748,0.20201537736102984,-0.10425252965221793,0.3062679070132478
PC-28-A1,1,3,269,200,193.774,197.396,12.499,22.449,193.57,197.775,0.3781984721325228,-0.09321195766880788,0.47141042980133063
PC-28-A1,1,4,472,220,198.105,204.532,23.499,34.448,197.986,204.873,0.6128915730154474,-0.09917094573951775,0.7120625187549652
PC-28-A1,1,5,824,220,205.349,213.146,35.499,46.449,205.349,213.574,0.7430283286795972,-0.10201069939719426,0.8450390280767914
PC-28-A1,1,6,1017,200,214.01,222.576,47.499,57.449,214.01,222.576,0.8376990258473621,-0.1035655688819086,0.9412645947292707
PC-28-A1,1,7,1313,220,223.401,232.999,58.498,69.449,223.24,233.565,0.9381726226562661,-0.10949362442610198,1.047666247082368
MC-221-A1,2,1,0,301,262.134,256.757,179.465,194.466,256.757,265.459,-0.7325318473982555,-0.08532853471328651,-0.647203312684969
MC-221-A1,2,2,155,200,189.738,192.241,113.515,123.465,189.41,192.241,0.2528234667722458,-0.10425252965221793,0.35707599642446375
MC-221-A1,2,3,269,201,192.377,198.555,124.465,134.465,192.227,198.761,0.7360059431592864,-0.09321195766880788,0.8292179008280942
MC-221-A1,2,4,472,201,199.56,210.244,135.465,145.466,199.363,210.331,1.1803370198480445,-0.09917094573951775,1.2795079655875623
MC-221-A1,2,5,824,201,211.368,225.252,146.465,156.465,211.368,225.252,1.3998811681892591,-0.10201069939719426,1.5018918675864534
MC-221-A1,2,6,1017,201,226.715,242.321,157.465,167.466,226.685,242.321,1.5854674924513477,-0.1035655688819086,1.6890330613332563
MC-221-A1,2,7,1313,201,243.861,260.618,168.465,178.465,243.861,260.618,1.6915843881343082,-0.10949362442610198,1.8010780125604102
PC-240-A1,3,1,0,301,285.36,272.611,283.465,298.465,272.611,286.036,-0.9806077270128308,-0.08532853471328651,-0.8952791922995443
PC-240-A1,3,2,155,210,191.905,194.09,216.011,226.465,191.508,194.412,0.2900877428506017,-0.10425252965221793,0.3943402725028196
PC-240-A1,3,3,269,201,194.538,202.814,227.466,237.465,194.379,202.814,0.8916413154359951,-0.09321195766880788,0.984853273104803
PC-240-A1,3,4,472,201,203.6,217.176,238.466,248.465,203.6,217.337,1.4800882728243132,-0.09917094573951775,1.579259218563831
PC-240-A1,3,5,824,201,218.86,236.534,249.465,259.465,218.787,236.6,1.83586443332735,-0.10201069939719426,1.9378751327245443
PC-240-A1,3,6,1017,201,238.757,258.086,260.465,270.465,238.458,258.15,2.005864194541496,-0.1035655688819086,2.109429763423405
PC-240-A1,3,7,1313,201,260.375,281.514,271.465,281.466,260.11,281.514,2.096111608523566,-0.10949362442610198,2.205605232949668
PC-234-A1,4,1,0,300,264.867,256.383,383.482,398.432,256.163,265.98,-0.7232562244979818,-0.08532853471328651,-0.6379276897846953
PC-234-A1,4,2,155,200,202.408,202.994,315.481,325.432,201.677,203.231,0.15608664089008026,-0.10425252965221793,0.26033917054229816
PC-234-A1,4,3,269,200,203.081,207.655,326.482,336.432,203.012,207.716,0.4866320075232681,-0.09321195766880788,0.5798439651920759
PC-234-A1,4,4,472,220,208.253,217.468,337.482,348.432,208.161,217.561,0.8549639016396131,-0.09917094573951775,0.9541348473791309
PC-234-A1,4,5,824,200,218.364,230.142,349.482,359.432,218.364,230.287,1.1574585269919213,-0.10201069939719426,1.2594692263891156
PC-234-A1,4,6,1017,200,231.132,245.02,360.482,370.432,231.132,245.02,1.374433592969053,-0.1035655688819086,1.4779991618509616
PC-234-A1,4,7,1313,200,246.68,261.342,371.482,381.432,246.331,261.342,1.5083500654612239,-0.10949362442610198,1.6178436898873259
MC-19-H2,5,1,0,301,217.808,213.623,498.465,513.465,213.559,219.033,-0.4644133116704565,-0.08532853471328651,-0.37908477695717
MC-19-H2,5,2,155,201,194.713,194.648,432.465,442.465,193.876,194.713,0.058113288991600426,-0.10425252965221793,0.16236581864381835
MC-19-H2,5,3,269,201,194.449,196.631,443.465,453.465,194.443,196.919,0.252841031462482,-0.09321195766880788,0.3460529891312899
MC-19-H2,5,4,472,201,197.257,201.012,454.465,464.466,196.864,201.089,0.3965443578597494,-0.09917094573951775,0.49571530359926713
MC-19-H2,5,5,824,201,201.606,206.436,465.465,475.465,201.405,206.436,0.49403247457924004,-0.10201069939719426,0.5960431739764342
MC-19-H2,5,6,1017,201,206.846,211.874,476.465,486.466,206.724,211.934,0.5199029545127225,-0.1035655688819086,0.6234685233946311
MC-19-H2,5,7,1313,201,212.408,217.216,487.465,497.465,212.222,217.329,0.49825048119745685,-0.10949362442610198,0.6077441056235589
PC-236-H3,6,1,0,360,183.829,171.033,596.482,614.432,171.014,184.225,-0.7822259556581043,-0.08532853471328651,-0.6968974209448178
PC-236-H3,6,2,155,192,186.942,182.567,530.886,540.432,182.567,186.942,-0.308925843717818,-0.10425252965221793,-0.20467331406560008
PC-236-H3,6,3,269,200,182.26,180.935,541.482,551.432,180.786,182.43,-0.11651581452728355,-0.09321195766880788,-0.023303856858475663
PC-236-H3,6,4,472,200,180.816,181.141,552.482,562.432,180.315,181.22,0.029298493982221955,-0.09917094573951775,0.12846943972173971
PC-236-H3,6,5,824,200,180.872,181.978,563.482,573.432,180.701,182.092,0.09926494046732025,-0.10201069939719426,0.20127563986451452
PC-236-H3,6,6,1017,200,182.123,182.98,574.482,584.432,181.718,183.091,0.10248435967641535,-0.1035655688819086,0.20604992855832394
PC-236-H3,6,7,1313,200,183.059,183.591,585.481,595.432,182.867,183.797,0.05726795127702703,-0.10949362442610198,0.16676157570312902
PC-27-H3,7,1,0,300,174.787,171.103,699.481,714.432,170.97,175.081,-0.26474919362079197,-0.08532853471328651,-0.17942065890750547
PC-27-H3,7,2,155,199,183.253,180.414,632.528,642.432,180.321,183.478,-0.22144215290838756,-0.10425252965221793,-0.11718962325616963
PC-27-H3,7,3,269,200,180.26,179.034,643.482,653.432,178.628,180.424,-0.14271506808607437,-0.09321195766880788,-0.04950311041726649
PC-27-H3,7,4,472,220,178.603,177.431,654.482,665.432,177.286,178.724,-0.10043956227899595,-0.09917094573951775,-0.0012686165394781984
PC-27-H3,7,5,824,200,177.396,176.466,666.482,676.432,176.348,177.396,-0.07801503313506568,-0.10201069939719426,0.02399566626212858
PC-27-H3,7,6,1017,200,176.535,175.715,677.482,687.432,175.529,176.571,-0.07513897873338908,-0.1035655688819086,0.028426590148519518
PC-27-H3,7,7,1313,200,175.678,174.677,688.482,698.432,174.6,175.678,-0.07873061011080638,-0.10949362442610198,0.0307630143152956
PC-41-H3,8,1,0,300,159.255,154.456,799.499,814.449,154.398,159.299,-0.3299478829161475,-0.08532853471328651,-0.24461934820286102
PC-41-H3,8,2,155,213,178.383,172.173,731.843,742.448,172.058,178.383,-0.344049413225311,-0.10425252965221793,-0.2397968835730931
PC-41-H3,8,3,269,200,171.908,169.342,743.498,753.448,169.244,171.908,-0.25319001657720797,-0.09321195766880788,-0.15997805890840008
PC-41-H3,8,4,472,200,169.177,166.424,754.498,764.448,166.311,169.222,-0.29985234124100524,-0.09917094573951775,-0.2006813955014875
PC-41-H3,8,5,824,200,166.071,164.185,765.498,775.449,164.044,166.336,-0.2022491787299799,-0.10201069939719426,-0.10023847933278565
PC-41-H3,8,6,1017,200,163.997,161.763,776.499,786.448,161.741,164.181,-0.2194522090908832,-0.1035655688819086,-0.1158866402089746
PC-41-H3,8,7,1313,200,161.615,159.53,787.499,797.448,159.402,161.643,-0.2085821721918283,-0.10949362442610198,-0.09908854776572633
MC-202-A2,1,1,0,300,185.15,180.177,70.446,85.396,179.985,185.775,-0.5033354678590267,-0.08532853471328651,-0.4180069331457402
MC-202-A2,1,2,155,229,141.799,143.193,0,11.396,141.366,143.368,0.14298067416003138,-0.10425252965221793,0.2472332038122493
MC-202-A2,1,3,269,200,143.381,147.532,12.446,22.396,143.381,147.532,0.4009206300717835,-0.09321195766880788,0.49413258774059143
MC-202-A2,1,4,472,220,147.882,154.522,23.446,34.396,147.819,154.794,0.6698723657463617,-0.09917094573951775,0.7690433114858795
MC-202-A2,1,5,824,220,155.389,163.676,35.446,46.396,155.384,163.913,0.7890877998732102,-0.10201069939719426,0.8910984992704045
MC-202-A2,1,6,1017,200,164.85,173.152,47.446,57.396,164.789,173.203,0.8658794161584563,-0.1035655688819086,0.9694449850403649
MC-202-A2,1,7,1313,220,174.014,184.126,58.446,69.396,173.968,184.126,0.8908998056603421,-0.10949362442610198,1.000393430086444
MC-213-A2,2,1,0,300,202.028,194.756,179.463,194.413,194.58,203.791,-0.7556960150676671,-0.08532853471328651,-0.6703674803543807
MC-213-A2,2,2,155,200,145.983,147.391,113.459,123.413,145.745,147.399,0.16332877142201233,-0.10425252965221793,0.2675813010742303
MC-213-A2,2,3,269,200,147.531,152.497,124.463,134.413,147.315,152.497,0.5532288149431536,-0.09321195766880788,0.6464407726119614
MC-213-A2,2,4,472,200,153.117,161.212,135.463,145.413,153.117,161.46,0.8892952918640492,-0.09917094573951775,0.988466237603567
MC-213-A2,2,5,824,200,162.255,172.708,146.463,156.413,162.255,172.88,1.0766664519173719,-0.10201069939719426,1.1786771513145662
MC-213-A2,2,6,1017,200,174.284,186.073,157.463,167.413,173.934,186.073,1.2222859601611673,-0.1035655688819086,1.325851529043076
MC-213-A2,2,7,1313,200,187.325,200.443,168.463,178.413,187.077,200.443,1.3250013210290388,-0.10949362442610198,1.4344949454551408
blank,3,1,0,300,147.948,147.24,283.463,298.413,147.138,148.247,-0.05466309128082661,-0.08532853471328651,0.030665443432459902
blank,3,2,155,209,150.586,149.959,216.019,226.413,149.602,150.586,-0.03538365444463903,-0.10425252965221793,0.0688688752075789
blank,3,3,269,200,149.863,149.704,227.462,237.413,149.424,150.08,-0.024956061438875507,-0.09321195766880788,0.06825589622993238
blank,3,4,472,200,149.353,149.068,238.463,248.413,149.068,149.718,-0.026095477084730506,-0.09917094573951775,0.07307546865478724
blank,3,5,824,200,149.215,148.873,249.463,259.413,148.706,149.471,-0.02931326085790261,-0.10201069939719426,0.07269743853929164
blank,3,6,1017,200,148.949,148.576,260.463,270.412,148.368,149.132,-0.04014607223167411,-0.1035655688819086,0.0634194966502345
blank,3,7,1313,200,148.315,148.003,271.463,281.413,147.865,148.582,-0.03844610006278952,-0.10949362442610198,0.07104752436331246
PC-238-A2,4,1,0,300,185,180.713,383.446,398.396,180.498,186.552,-0.49992540648762324,-0.08532853471328651,-0.41459687177433674
PC-238-A2,4,2,155,200,150.962,149.118,315.446,325.396,148.861,150.962,0.006652242968300214,-0.10425252965221793,0.11090477262051815
PC-238-A2,4,3,269,200,149.148,151.113,326.446,336.396,148.809,151.144,0.23482460028183927,-0.09321195766880788,0.3280365579506471
PC-238-A2,4,4,472,220,151.234,156.334,337.446,348.397,151.133,156.349,0.4670061096391961,-0.09917094573951775,0.5661770553787139
PC-238-A2,4,5,824,200,157.043,163.83,349.446,359.396,156.848,164.123,0.723453860653599,-0.10201069939719426,0.8254645600507933
PC-238-A2,4,6,1017,200,164.724,172.955,360.446,370.396,164.724,173.058,0.8140989006199885,-0.1035655688819086,0.9176644695018971
PC-238-A2,4,7,1313,200,173.756,183.316,371.447,381.396,173.756,183.316,0.9289273138608983,-0.10949362442610198,1.0384209382870002
MC-211-H1,5,1,0,300,156.078,152.334,498.463,513.413,152.334,156.851,-0.3671663803585282,-0.08532853471328651,-0.2818378456452417
MC-211-H1,5,2,155,200,145.217,143.876,432.463,442.413,143.564,145.231,-0.06130564685917287,-0.10425252965221793,0.04294688279304506
MC-211-H1,5,3,269,200,143.646,144.705,443.463,453.413,143.369,144.715,0.10615611447611224,-0.09321195766880788,0.19936807214492014
MC-211-H1,5,4,472,200,144.833,146.8,454.463,464.413,144.564,146.934,0.235656763857025,-0.09917094573951775,0.33482770959654273
MC-211-H1,5,5,824,200,147.049,149.715,465.463,475.413,146.928,149.831,0.27154885689340624,-0.10201069939719426,0.3735595562906005
MC-211-H1,5,6,1017,200,150.102,152.543,476.463,486.413,149.794,152.776,0.2861900139943096,-0.1035655688819086,0.3897555828762182
MC-211-H1,5,7,1313,200,153.3,155.625,487.463,497.413,152.889,155.862,0.2780832362760844,-0.10949362442610198,0.3875768607021864
MC-202-H2,6,1,0,361,145.03,140.185,596.429,614.429,140.053,145.409,-0.36050915109312415,-0.08532853471328651,-0.27518061637983765
MC-202-H2,6,2,155,192,140.511,137.039,530.885,540.43,136.941,140.511,-0.20789517760441456,-0.10425252965221793,-0.10364264795219663
MC-202-H2,6,3,269,201,136.981,136.371,541.429,551.429,136.223,137.032,-0.03134048576195209,-0.09321195766880788,0.06187147190685579
MC-202-H2,6,4,472,201,136.426,137.591,552.429,562.43,136.248,137.591,0.1177056588669011,-0.09917094573951775,0.21687660460641883
MC-202-H2,6,5,824,201,137.796,139.817,563.43,573.429,137.561,139.817,0.18155515300542993,-0.10201069939719426,0.2835658524026242
MC-202-H2,6,6,1017,201,139.626,142.35,574.429,584.429,139.626,142.35,0.2373478265018662,-0.1035655688819086,0.3409133953837748
MC-202-H2,6,7,1313,201,142.368,144.818,585.43,595.43,142.368,144.855,0.21808361812929491,-0.10949362442610198,0.3275772425553969
PC-226-H2,7,1,0,301,124.031,116.548,699.43,714.429,116.548,124.229,-0.5793364712545527,-0.08532853471328651,-0.4940079365412662
PC-226-H2,7,2,155,199,135.09,128.725,632.534,642.429,128.725,135.09,-0.4367694623867462,-0.10425252965221793,-0.33251693273452826
PC-226-H2,7,3,269,201,128.405,125.71,643.429,653.43,125.71,128.589,-0.24987052416209293,-0.09321195766880788,-0.15665856649328505
PC-226-H2,7,4,472,221,125.642,124.158,654.43,665.43,124.132,125.736,-0.09889871107747152,-0.09917094573951775,2.722346620462335e-4
PC-226-H2,7,5,824,201,124.235,123.831,666.43,676.429,123.692,124.333,-0.0316077616195646,-0.10201069939719426,0.07040293777762965
PC-226-H2,7,6,1017,201,123.931,123.808,677.429,687.429,123.6,124.081,0.0077047795212309865,-0.1035655688819086,0.11127034840313958
PC-226-H2,7,7,1313,201,123.946,124.017,688.429,698.43,123.629,124.125,0.010031241326557652,-0.10949362442610198,0.11952486575265964
blank,8,1,0,300,121.02,120.193,799.446,814.397,120.053,121.229,-0.05242438521485115,-0.08532853471328651,0.03290414949843536
blank,8,2,155,212,131.188,128.22,731.849,742.396,128.164,131.188,-0.14874458490115486,-0.10425252965221793,-0.04449205524893693
blank,8,3,269,200,128.09,126.805,743.446,753.396,126.623,128.136,-0.12679541314567785,-0.09321195766880788,-0.03358345547686997
blank,8,4,472,200,126.686,125.291,754.447,764.397,125.291,126.839,-0.12112394024380511,-0.09917094573951775,-0.021952994504287365
blank,8,5,824,200,125.098,124.21,765.446,775.396,123.951,125.436,-0.12323223492597393,-0.10201069939719426,-0.021221535528779673
blank,8,6,1017,200,123.881,122.57,776.446,786.396,122.57,123.966,-0.12454928673790223,-0.1035655688819086,-0.020983717855993636
blank,8,7,1313,200,122.671,121.252,787.446,797.396,121.12,122.671,-0.13524631769102616,-0.10949362442610198,-0.025752693264924173
MC-20-A3,1,1,0,301,256.5,250.264,70.396,85.396,250.173,257.08,-0.5998320012553111,-0.08532853471328651,-0.5145034665420246
MC-20-A3,1,2,155,229,202.942,207.056,0,11.396,202.818,207.095,0.4028450787362851,-0.10425252965221793,0.507097608388503
MC-20-A3,1,3,269,201,207.543,213.104,12.396,22.396,207.491,213.104,0.6056477693555432,-0.09321195766880788,0.6988597270243511
MC-20-A3,1,4,472,221,213.742,222.04,23.396,34.396,213.733,222.04,0.743047406363953,-0.09917094573951775,0.8422183521034707
MC-20-A3,1,5,824,221,222.688,232.344,35.396,46.396,222.688,232.517,0.9038376327890878,-0.10201069939719426,1.0058483321862821
MC-20-A3,1,6,1017,201,233.317,243.003,47.396,57.396,233.317,243.01,0.9772114145083773,-0.1035655688819086,1.0807769833902858
MC-20-A3,1,7,1313,221,244.213,254.992,58.396,69.396,244.096,255.445,1.0387295221737807,-0.10949362442610198,1.1482231465998827
blank,2,1,0,300,202.115,200.669,179.413,194.362,200.572,202.307,-0.09761064104952008,-0.08532853471328651,-0.01228210633623357
blank,2,2,155,199,208.075,207.201,113.46,123.363,206.951,208.075,-0.08373929072193488,-0.10425252965221793,0.020513238930283048
blank,2,3,269,200,206.88,206.312,124.413,134.363,206.144,207.051,-0.06736278300249722,-0.09321195766880788,0.025849174666310662
blank,2,4,472,200,206.116,205.29,135.413,145.363,205.243,206.272,-0.08618097342707033,-0.09917094573951775,0.012989972312447418
blank,2,5,824,200,205.135,204.363,146.413,156.363,204.345,205.406,-0.0873693565276125,-0.10201069939719426,0.014641342869581755
blank,2,6,1017,200,204.364,203.41,157.413,167.362,203.253,204.391,-0.09412242690282571,-0.1035655688819086,0.009443141979082886
blank,2,7,1313,200,203.237,202.341,168.413,178.363,202.206,203.443,-0.1001732504914159,-0.10949362442610198,0.009320373934686085
PC-244-A2,3,1,0,300,240.941,232.544,283.429,298.38,232.544,241.244,-0.701751454301794,-0.08532853471328651,-0.6164229195885075
PC-244-A2,3,2,155,208,201.458,198.153,216.023,226.38,198.016,201.458,-0.12333979847925619,-0.10425252965221793,-0.019087268827038262
PC-244-A2,3,3,269,200,198.024,200.482,227.43,237.379,197.88,200.576,0.298245463711902,-0.09321195766880788,0.39145742138070994
PC-244-A2,3,4,472,200,200.828,207.116,238.43,248.379,200.796,207.156,0.6875632950369229,-0.09917094573951775,0.7867342407764407
PC-244-A2,3,5,824,200,207.869,216.906,249.429,259.38,207.869,216.98,0.931312336926976,-0.10201069939719426,1.0333230363241703
PC-244-A2,3,6,1017,200,217.814,227.621,260.43,270.379,217.814,227.714,1.0032095490389341,-0.1035655688819086,1.1067751179208427
PC-244-A2,3,7,1313,200,228.811,238.85,271.429,281.379,228.728,238.85,1.0157272519510954,-0.10949362442610198,1.1252208763771974
PC-236-A3,4,1,0,301,327.323,308.933,383.396,398.396,308.912,328.778,-1.3783103937966372,-0.08532853471328651,-1.2929818590833506
PC-236-A3,4,2,155,201,206.446,208.487,315.398,325.396,205.59,208.563,0.31352961426116865,-0.10425252965221793,0.4177821439133866
PC-236-A3,4,3,269,201,209.001,219.055,326.396,336.396,208.853,219.08,1.1143508158508197,-0.09321195766880788,1.2075627735196277
PC-236-A3,4,4,472,221,220.369,240.335,337.396,348.396,220.369,240.335,1.8941723437852385,-0.09917094573951775,1.9933432895247563
PC-236-A3,4,5,824,201,242.173,264.898,349.396,359.396,242.173,264.898,2.3291510074637536,-0.10201069939719426,2.431161706860948
PC-236-A3,4,6,1017,201,267.018,292.93,360.396,370.396,267.018,292.945,2.6183421045601425,-0.1035655688819086,2.7219076734420513
PC-236-A3,4,7,1313,201,296.072,322.436,371.396,381.396,295.98,322.436,2.626181563534511,-0.10949362442610198,2.735675187960613
blank,5,1,0,300,193.364,191.665,498.412,513.362,191.665,193.747,-0.1290180509324469,-0.08532853471328651,-0.04368951621916038
blank,5,2,155,200,201.024,200.331,432.412,442.363,200.181,201.174,-0.069642798206092,-0.10425252965221793,0.03460973144612593
blank,5,3,269,200,200.369,199.207,443.412,453.363,199.207,200.369,-0.083624858786683,-0.09321195766880788,0.009587098882124875
blank,5,4,472,200,199.166,197.974,454.413,464.362,197.91,199.23,-0.11311759127574265,-0.09917094573951775,-0.013946645536224905
blank,5,5,824,200,197.888,196.77,465.412,475.363,196.562,197.924,-0.13278662068120559,-0.10201069939719426,-0.030775921284011326
blank,5,6,1017,200,196.46,195.244,476.413,486.362,195.123,196.537,-0.1258695529067783,-0.1035655688819086,-0.02230398402486969
blank,5,7,1313,200,194.999,193.803,487.412,497.363,193.59,195.106,-0.1329867100031223,-0.10949362442610198,-0.023493085577020303
MC-213-H2,6,1,0,361,212.484,201.471,596.396,614.396,201.471,212.872,-0.7479868369334786,-0.08532853471328651,-0.6626583022201921
MC-213-H2,6,2,155,191,191.101,187.506,530.888,540.396,187.469,191.101,-0.34636619127917284,-0.10425252965221793,-0.2421136616269549
MC-213-H2,6,3,269,201,187.174,187.774,541.396,551.396,186.896,187.83,0.07400915812711704,-0.09321195766880788,0.1672211157959249
MC-213-H2,6,4,472,201,187.843,191.578,552.396,562.396,187.764,191.632,0.40730563707978207,-0.09917094573951775,0.5064765828192999
MC-213-H2,6,5,824,201,192.04,197.728,563.396,573.396,192.04,197.728,0.5716214351633705,-0.10201069939719426,0.6736321345605647
MC-213-H2,6,6,1017,201,198.091,204.463,574.396,584.396,198.091,204.612,0.6443308377547646,-0.1035655688819086,0.7478964066366732
MC-213-H2,6,7,1313,201,205.201,211.669,585.396,595.396,205.164,211.669,0.6375995431382433,-0.10949362442610198,0.7470931675643453
PC-248-H1,7,1,0,301,164.225,157.771,699.396,714.396,157.656,164.376,-0.4454420205966735,-0.08532853471328651,-0.360113485883387
PC-248-H1,7,2,155,198,191.079,183.852,632.54,642.396,183.852,191.079,-0.507785433733594,-0.10425252965221793,-0.40353290408137604
PC-248-H1,7,3,269,201,183.357,179.281,643.396,653.396,179.238,183.357,-0.40511686971439914,-0.09321195766880788,-0.31190491204559123
PC-248-H1,7,4,472,221,178.905,174.887,654.396,665.396,174.887,178.905,-0.35051700588777096,-0.09917094573951775,-0.2513460601482532
PC-248-H1,7,5,824,201,174.603,171.326,666.396,676.396,171.222,174.635,-0.32590404452535005,-0.10201069939719426,-0.22389334512815579
PC-248-H1,7,6,1017,201,170.941,167.962,677.396,687.396,167.818,170.984,-0.3115079982422787,-0.1035655688819086,-0.2079424293603701
PC-248-H1,7,7,1313,201,167.382,164.544,688.396,698.396,164.462,167.569,-0.3020006405807962,-0.10949362442610198,-0.19250701615469418
PC-238-H2,8,1,0,300,164.952,159.38,799.43,814.379,159.272,165.102,-0.38692010714449454,-0.08532853471328651,-0.30159157243120804
PC-238-H2,8,2,155,211,183.244,177.596,731.876,742.379,177.567,183.244,-0.38166821264728906,-0.10425252965221793,-0.27741568299507113
PC-238-H2,8,3,269,200,177.135,174.671,743.429,753.379,174.601,177.261,-0.2565213853525395,-0.09321195766880788,-0.1633094276837316
PC-238-H2,8,4,472,200,174.378,172.186,754.429,764.379,171.964,174.443,-0.21409131003386447,-0.09917094573951775,-0.11492036429434672
PC-238-H2,8,5,824,200,172.09,169.981,765.429,775.38,169.843,172.09,-0.20897905074321593,-0.10201069939719426,-0.10696835134602167
PC-238-H2,8,6,1017,200,169.676,167.665,776.43,786.379,167.653,169.676,-0.20483306133371723,-0.1035655688819086,-0.10126749245180863
PC-238-H2,8,7,1313,200,167.553,165.361,787.429,797.379,165.349,167.553,-0.2114534530014334,-0.10949362442610198,-0.10195982857533141
PC-225-A1,1,1,0,301,229.69,225.388,70.353,85.353,225.29,230.191,-0.39159961379533686,-0.08532853471328651,-0.30627107908205037
PC-225-A1,1,2,155,228,194.418,195.592,0,11.352,194.273,195.607,0.11182589452263278,-0.10425252965221793,0.2160784241748507
PC-225-A1,1,3,269,201,195.828,198.555,12.353,22.353,195.639,198.648,0.3034975961321953,-0.09321195766880788,0.39670955380100315
PC-225-A1,1,4,472,221,198.991,204.284,23.352,34.353,198.906,204.314,0.5225765372232676,-0.09917094573951775,0.6217474829627854
PC-225-A1,1,5,824,221,204.93,211.73,35.353,46.352,204.787,211.73,0.6495588309448128,-0.10201069939719426,0.7515695303420071
PC-225-A1,1,6,1017,201,212.285,219.23,47.352,57.353,212.191,219.231,0.7156341876253726,-0.1035655688819086,0.8191997565072812
PC-225-A1,1,7,1313,221,220.009,228.681,58.353,69.353,220,228.681,0.8004737313027396,-0.10949362442610198,0.9099673557288416
MC-203-A3,2,1,0,301,248.706,244.113,179.353,194.353,243.965,251.017,-0.6218899459668089,-0.08532853471328651,-0.5365614112535224
MC-203-A3,2,2,155,199,195.033,195.864,113.46,123.353,194.755,195.972,0.0722050848936339,-0.10425252965221793,0.17645761454585185
MC-203-A3,2,3,269,201,196.17,200.186,124.353,134.353,195.971,200.394,0.4756130521235061,-0.09321195766880788,0.568825009792314
MC-203-A3,2,4,472,201,200.744,209.209,135.353,145.353,200.744,209.209,0.9105163889631521,-0.09917094573951775,1.0096873347026698
MC-203-A3,2,5,824,201,209.805,220.888,146.352,156.353,209.805,220.888,1.1030687306811306,-0.10201069939719426,1.205079430078325
MC-203-A3,2,6,1017,201,222.284,233.841,157.353,167.353,221.923,233.925,1.198648740329957,-0.1035655688819086,1.3022143092118657
MC-203-A3,2,7,1313,201,234.942,247.212,168.353,178.352,234.942,247.239,1.2275841965308043,-0.10949362442610198,1.3370778209569063
PC-44-A3,3,1,0,300,254.773,253.414,283.369,298.319,249.527,264.775,0.619096855436248,-0.08532853471328651,0.7044253901495345
PC-44-A3,3,2,155,207,199.073,195.109,216.015,226.319,194.932,199.073,-0.1600303547733639,-0.10425252965221793,-0.05577782512114596
PC-44-A3,3,3,269,200,195.125,196.57,227.37,237.319,194.755,196.746,0.25202666478934505,-0.09321195766880788,0.34523862245815296
PC-44-A3,3,4,472,200,196.793,200.003,238.369,248.32,196.793,200.003,0.4455744349509238,-0.09917094573951775,0.5447453806904415
PC-44-A3,3,5,824,200,201.042,217.701,249.369,259.319,200.897,217.848,1.288084460589968,-0.10201069939719426,1.3900951599871623
PC-44-A3,3,6,1017,200,217.064,237.751,260.369,270.32,216.77,237.751,0.34702826120805974,-0.1035655688819086,0.45059383008996834
PC-44-A3,3,7,1313,200,244.377,250.217,271.369,281.319,239.861,250.38,0.4478788669666127,-0.10949362442610198,0.5573724913927147
PC-243-A1,4,1,0,300,280.804,268.498,383.386,398.336,268.49,281.896,-1.024378092271193,-0.08532853471328651,-0.9390495575579064
PC-243-A1,4,2,155,200,199.745,201.044,315.393,325.336,199.135,201.186,0.2305336019050054,-0.10425252965221793,0.33478613155722337
PC-243-A1,4,3,269,200,201.269,207.727,326.386,336.336,201.093,207.858,0.7038336580002524,-0.09321195766880788,0.7970456156690603
PC-243-A1,4,4,472,220,208.31,220.673,337.386,348.336,208.162,220.749,1.1490844465760304,-0.09917094573951775,1.2482553923155482
PC-243-A1,4,5,824,200,221.828,236.609,349.386,359.336,221.828,236.609,1.4816426358807229,-0.10201069939719426,1.5836533352779172
PC-243-A1,4,6,1017,200,238.121,255.135,360.386,370.336,238.121,255.276,1.7535539066144021,-0.1035655688819086,1.8571194754963107
PC-243-A1,4,7,1313,200,257.235,276.913,371.386,381.336,257.235,276.913,1.9733151198173318,-0.10949362442610198,2.0828087442434335
PC-42-H1,5,1,0,301,205.892,201.745,498.353,513.352,201.745,206.598,-0.3868826687402526,-0.08532853471328651,-0.3015541340269661
PC-42-H1,5,2,155,201,196.113,195.411,432.353,442.353,195.277,196.182,-0.030935136260156242,-0.10425252965221793,0.07331739339206168
PC-42-H1,5,3,269,201,195.403,196.363,443.353,453.353,195.273,196.363,0.09480888380218311,-0.09321195766880788,0.188020841470991
PC-42-H1,5,4,472,201,196.323,198.238,454.353,464.353,196.167,198.432,0.19234810499672783,-0.09917094573951775,0.29151905073624557
PC-42-H1,5,5,824,201,198.583,200.882,465.353,475.352,198.478,200.994,0.24752775044221617,-0.10201069939719426,0.3495384498394104
PC-42-H1,5,6,1017,201,201.116,203.397,476.352,486.353,201.014,203.547,0.2326571358131084,-0.1035655688819086,0.336222704695017
PC-42-H1,5,7,1313,201,203.668,205.748,487.353,497.353,203.409,205.806,0.2079954522544528,-0.10949362442610198,0.31748907668055476
blank,6,1,0,360,181.533,179.603,596.386,614.336,179.507,181.672,-0.1134230104961923,-0.08532853471328651,-0.02809447578290579
blank,6,2,155,190,191.012,188.863,530.879,540.336,188.77,191.012,-0.16110400403758943,-0.10425252965221793,-0.0568514743853715
blank,6,3,269,200,188.566,187.203,541.386,551.336,187.178,188.707,-0.14965804837364458,-0.09321195766880788,-0.05644609070483669
blank,6,4,472,200,187.153,185.96,552.386,562.336,185.844,187.231,-0.11270182301270619,-0.09917094573951775,-0.01353087727318844
blank,6,5,824,200,185.85,184.562,563.386,573.336,184.389,185.921,-0.12882547968037536,-0.10201069939719426,-0.0268147802831811
blank,6,6,1017,200,184.441,183.2,574.386,584.336,182.928,184.493,-0.12409685733081292,-0.1035655688819086,-0.020531288448904325
blank,6,7,1313,200,183.001,181.64,585.386,595.337,181.462,183.077,-0.13925757103387748,-0.10949362442610198,-0.029763946607775496
MC-221-H1,7,1,0,300,212.32,202.018,699.386,714.336,202.018,212.931,-0.8701546156116523,-0.08532853471328651,-0.7848260808983658
MC-221-H1,7,2,155,197,184.172,179.089,632.528,642.337,178.91,184.172,-0.18208273964970237,-0.10425252965221793,-0.07783020999748444
MC-221-H1,7,3,269,200,178.819,180.789,643.386,653.336,178.591,180.841,0.24106073320284993,-0.09321195766880788,0.3342726908716578
MC-221-H1,7,4,472,220,181.135,186.806,654.386,665.336,180.958,186.806,0.5900992784457021,-0.09917094573951775,0.6892702241852199
MC-221-H1,7,5,824,200,187.297,194.334,666.386,676.336,187.297,194.618,0.7240136863932591,-0.10201069939719426,0.8260243857904535
MC-221-H1,7,6,1017,200,195.026,202.805,677.386,687.336,195.026,202.953,0.7873956576210451,-0.1035655688819086,0.8909612265029537
MC-221-H1,7,7,1313,200,203.608,211.2,688.386,698.336,203.501,211.2,0.7814507151383963,-0.10949362442610198,0.8909443395644983
MC-203-H3,8,1,0,300,192.684,187.777,799.369,814.32,187.765,192.877,-0.3928515479962202,-0.08532853471328651,-0.3075230132829337
MC-203-H3,8,2,155,210,182.28,178.836,731.877,742.32,178.759,182.28,-0.15340577139815006,-0.10425252965221793,-0.049153241745932136
MC-203-H3,8,3,269,200,178.654,179.313,743.37,753.32,178.51,179.532,0.0944029920086558,-0.09321195766880788,0.18761494967746367
MC-203-H3,8,4,472,200,179.408,181.612,754.37,764.32,179.34,181.627,0.24288545790096394,-0.09917094573951775,0.3420564036404817
MC-203-H3,8,5,824,200,181.825,184.834,765.369,775.32,181.816,184.845,0.31436512388876503,-0.10201069939719426,0.4163758232859593
MC-203-H3,8,6,1017,200,185.224,188.359,776.369,786.319,185.01,188.359,0.32002758362010825,-0.1035655688819086,0.42359315250201685
MC-203-H3,8,7,1313,200,188.7,191.86,787.369,797.32,188.578,191.86,0.3204144502367789,-0.10949362442610198,0.4299080746628809
blank,1,1,0,300,207.566,206.427,70.344,85.293,206.427,207.697,-0.07649687641850826,-0.08532853471328651,0.00883165829477825
blank,1,2,155,227,213.013,212.19,0,11.294,212.018,213.013,-0.050793131445968455,-0.10425252965221793,0.053459398206249474
blank,1,3,269,200,212.193,211.445,12.344,22.294,211.294,212.193,-0.06163224226357276,-0.09321195766880788,0.031579715405235124
blank,1,4,472,220,211.319,210.646,23.344,34.294,210.477,211.477,-0.07338708508760189,-0.09917094573951775,0.02578386065191586
blank,1,5,824,220,210.534,209.701,35.344,46.294,209.563,210.698,-0.07942096979787218,-0.10201069939719426,0.02258972959932208
blank,1,6,1017,200,209.509,208.739,47.344,57.294,208.582,209.715,-0.07911323301059557,-0.1035655688819086,0.024452335871313027
blank,1,7,1313,220,208.628,207.404,58.344,69.294,207.404,208.645,-0.08703030056717045,-0.10949362442610198,0.02246332385893153
MC-12-A1,2,1,0,301,270.689,271.889,179.31,194.311,270.628,280.438,2.0110716393980073,-0.08532853471328651,2.096400174111294
MC-12-A1,2,2,155,198,207.676,200.207,113.452,123.31,200.207,207.676,-0.48114641683729265,-0.10425252965221793,-0.3768938871850747
MC-12-A1,2,3,269,201,199.925,200.642,124.31,134.311,199.75,200.88,0.21063216954418162,-0.09321195766880788,0.3038441272129895
MC-12-A1,2,4,472,201,200.658,212.019,135.31,145.311,200.658,212.019,0.715111025797814,-0.09917094573951775,0.8142819715373318
MC-12-A1,2,5,824,201,216.31,242.83,146.31,156.311,216.31,242.83,2.503427858555329,-0.10201069939719426,2.605438557952523
MC-12-A1,2,6,1017,201,244.833,260.807,157.31,167.31,244.833,260.819,1.2756713974068346,-0.1035655688819086,1.3792369662887431
MC-12-A1,2,7,1313,201,261.186,270.485,168.31,178.31,261.186,270.485,0.40579234466211744,-0.10949362442610198,0.5152859690882194
PC-29-A2,3,1,0,301,267.275,259.451,283.311,298.31,259.246,268.615,-0.8087900064787952,-0.08532853471328651,-0.7234614717655087
PC-29-A2,3,2,155,207,215.96,212.819,216.011,226.31,212.535,215.96,0.05096990351214865,-0.10425252965221793,0.15522243316436657
PC-29-A2,3,3,269,201,212.986,216.852,227.311,237.31,212.934,216.852,0.4363587913245306,-0.09321195766880788,0.5295707489933384
PC-29-A2,3,4,472,201,217.32,224.985,238.311,248.31,217.255,224.985,0.8330110028683396,-0.09917094573951775,0.9321819486078574
PC-29-A2,3,5,824,201,225.847,236.143,249.311,259.31,225.847,236.143,1.087077887172125,-0.10201069939719426,1.1890885865693193
PC-29-A2,3,6,1017,201,237.315,249.54,260.31,270.31,237.315,249.554,1.2257354983778033,-0.1035655688819086,1.3293010672597119
PC-29-A2,3,7,1313,201,251.144,264.428,271.311,281.31,250.875,264.521,1.3891966199420194,-0.10949362442610198,1.4986902443681214
PC-241-A2,4,1,0,300,288.113,279.715,383.343,398.293,279.715,291.026,-1.0929436055110393,-0.08532853471328651,-1.0076150707977527
PC-241-A2,4,2,155,199,222.775,212.604,315.388,325.293,212.423,222.775,-0.025560142990601335,-0.10425252965221793,0.0786923866616166
PC-241-A2,4,3,269,200,212.447,216.402,326.344,336.293,212.413,216.465,0.5070424694981477,-0.09321195766880788,0.6002544271669555
PC-241-A2,4,4,472,220,216.986,227.428,337.343,348.294,216.973,227.491,1.0262727156500537,-0.09917094573951775,1.1254436613895715
PC-241-A2,4,5,824,200,228.728,243.065,349.344,359.294,228.728,243.142,1.446241262630849,-0.10201069939719426,1.5482519620280433
PC-241-A2,4,6,1017,200,244.725,262.128,360.343,370.293,244.725,262.128,1.7728236153836738,-0.1035655688819086,1.8763891842655824
PC-241-A2,4,7,1313,200,264.004,283.67,371.344,381.293,263.972,283.67,2.0128371422725144,-0.10949362442610198,2.1223307666986164
PC-43-H2,5,1,0,301,208.554,204.292,498.311,513.31,204.125,209.029,-0.40103627493063787,-0.08532853471328651,-0.3157077402173514
PC-43-H2,5,2,155,200,211.947,206.721,432.361,442.311,206.622,211.947,-0.18516468175702563,-0.10425252965221793,-0.0809121521048077
PC-43-H2,5,3,269,201,206.52,205.794,443.31,453.31,205.635,206.631,-0.06103366284219193,-0.09321195766880788,0.03217829482661595
PC-43-H2,5,4,472,201,205.775,205.843,454.31,464.311,205.48,206.061,0.01302823976829446,-0.09917094573951775,0.11219918550781222
PC-43-H2,5,5,824,201,206.018,206.604,465.311,475.31,205.724,206.638,0.054596568127470345,-0.10201069939719426,0.1566072675246646
PC-43-H2,5,6,1017,201,206.596,207.528,476.31,486.311,206.437,207.528,0.09378828071099074,-0.1035655688819086,0.19735384959289934
PC-43-H2,5,7,1313,201,207.652,208.476,487.311,497.31,207.462,208.535,0.10265877424454806,-0.10949362442610198,0.21215239867065006
MC-209-H3,6,1,0,360,188.806,179.849,596.327,614.277,179.735,188.975,-0.5510086418612593,-0.08532853471328651,-0.4656801071479728
MC-209-H3,6,2,155,189,201.34,195.737,530.873,540.277,195.737,201.34,-0.34934518632118194,-0.10425252965221793,-0.24509265666896402
MC-209-H3,6,3,269,200,195.511,193.188,541.327,551.277,193.098,195.511,-0.22515536890643287,-0.09321195766880788,-0.13194341123762499
MC-209-H3,6,4,472,200,192.936,191.601,552.327,562.277,191.54,192.95,-0.1258665424856116,-0.09917094573951775,-0.026695596746093855
MC-209-H3,6,5,824,200,191.644,190.463,563.327,573.277,190.463,191.644,-0.08501985707242253,-0.10201069939719426,0.01699084232477173
MC-209-H3,6,6,1017,200,190.537,189.823,574.327,584.277,189.724,190.629,-0.07012188672917906,-0.1035655688819086,0.03344368215272954
MC-209-H3,6,7,1313,200,189.755,188.892,585.327,595.277,188.799,189.827,-0.08402049480509219,-0.10949362442610198,0.025473129621009796
PC-28-H1,7,1,0,300,201.135,196.835,699.327,714.277,196.784,201.373,-0.3660029747868683,-0.08532853471328651,-0.2806744400735818
PC-28-H1,7,2,155,196,201.116,194.854,632.522,642.277,194.693,201.116,-0.185040237744593,-0.10425252965221793,-0.08078770809237507
PC-28-H1,7,3,269,200,194.682,194.508,643.327,653.277,194.191,194.797,-0.0029144980263177624,-0.09321195766880788,0.09029745964249011
PC-28-H1,7,4,472,220,194.441,195.84,654.327,665.277,194.36,195.937,0.14076346284935096,-0.09917094573951775,0.23993440858886872
PC-28-H1,7,5,824,200,195.842,197.535,666.327,676.277,195.842,197.565,0.15637525813119954,-0.10201069939719426,0.2583859575283938
PC-28-H1,7,6,1017,200,197.718,199.165,677.327,687.277,197.598,199.386,0.16642817409221977,-0.1035655688819086,0.26999374297412837
PC-28-H1,7,7,1313,200,199.549,200.823,688.327,698.277,199.194,200.996,0.14958758263904692,-0.10949362442610198,0.2590812070651489
PC-237-H1,8,1,0,300,174.624,168.949,799.327,814.277,168.949,174.757,-0.38367435008912193,-0.08532853471328651,-0.29834581537583543
PC-237-H1,8,2,155,209,200.096,187.566,731.874,742.277,187.376,200.104,-1.0734213155265855,-0.10425252965221793,-0.9691687858743676
PC-237-H1,8,3,269,200,186.997,183.813,743.327,753.277,183.588,187.029,-0.29291441656507755,-0.09321195766880788,-0.19970245889626967
PC-237-H1,8,4,472,200,183.572,182.923,754.327,764.277,181.526,183.579,-0.21843381099220738,-0.09917094573951775,-0.11926286525268963
PC-237-H1,8,5,824,200,182.957,180.429,765.327,775.277,180.429,183.121,-0.27453412571516783,-0.10201069939719426,-0.17252342631797357
PC-237-H1,8,6,1017,200,180.182,177.705,776.327,786.277,177.705,180.295,-0.23997421129126817,-0.1035655688819086,-0.13640864240935957
PC-237-H1,8,7,1313,200,177.553,174.971,787.327,797.277,174.925,177.553,-0.25250549972424613,-0.10949362442610198,-0.14301187529814413
PC-233-A3,1,1,0,300,190.45,187.704,70.305,85.255,187.273,191.514,-0.28531489468829213,-0.08532853471328651,-0.19998635997500563
PC-233-A3,1,2,155,226,161.677,163.245,0,11.255,161.428,163.642,0.1748308219336582,-0.10425252965221793,0.27908335158587616
PC-233-A3,1,3,269,200,163.417,166.972,12.305,22.256,163.402,167.099,0.3872221585515397,-0.09321195766880788,0.4804341162203476
PC-233-A3,1,4,472,220,167.338,172.909,23.306,34.255,167.338,172.909,0.49491133647718966,-0.09917094573951775,0.5940822822167074
PC-233-A3,1,5,824,220,173.32,178.755,35.305,46.255,173.178,179.122,0.502606304008103,-0.10201069939719426,0.6046170034052973
PC-233-A3,1,6,1017,200,179.13,183.845,47.306,57.255,178.957,184.22,0.4756527443670244,-0.1035655688819086,0.579218313248933
PC-233-A3,1,7,1313,220,184.378,189.937,58.305,69.255,184.378,190.091,0.5058377841649043,-0.10949362442610198,0.6153314085910063
MC-206-A2,2,1,0,300,186.071,182.551,179.305,194.256,182.551,186.968,-0.2831921041398028,-0.08532853471328651,-0.19786356942651628
MC-206-A2,2,2,155,197,166.543,166.733,113.462,123.256,166.163,166.877,0.02097694511744922,-0.10425252965221793,0.12522947476966714
MC-206-A2,2,3,269,200,166.482,168.411,124.305,134.255,166.437,168.552,0.17934908478229586,-0.09321195766880788,0.27256104245110374
MC-206-A2,2,4,472,200,168.481,171.764,135.305,145.255,168.395,172.022,0.33162520325826333,-0.09917094573951775,0.43079614899778107
MC-206-A2,2,5,824,200,172.358,176.055,146.305,156.255,171.947,176.183,0.41588530216932446,-0.10201069939719426,0.5178960015665187
MC-206-A2,2,6,1017,200,176.68,180.965,157.305,167.255,176.379,181.036,0.44072848529019515,-0.1035655688819086,0.5442940541721037
MC-206-A2,2,7,1313,200,181.329,185.799,168.305,178.255,181.171,185.799,0.4391801862822024,-0.10949362442610198,0.5486738107083043
MC-209-A3,3,1,0,301,225.42,217.677,283.272,298.272,217.677,226.531,-0.7429206519771543,-0.08532853471328651,-0.6575921172638678
MC-209-A3,3,2,155,206,164.125,166.451,216.016,226.272,163.729,166.451,0.24571628736425588,-0.10425252965221793,0.3499688170164738
MC-209-A3,3,3,269,201,166.42,172.674,227.272,237.272,166.388,172.761,0.6366778717518005,-0.09321195766880788,0.7298898294206083
MC-209-A3,3,4,472,201,173.195,182.189,238.272,248.272,173.195,182.357,0.9983335736022642,-0.09917094573951775,1.0975045193417818
MC-209-A3,3,5,824,201,183.51,194.489,249.272,259.272,183.41,194.964,1.0903076327474985,-0.10201069939719426,1.1923183321446928
MC-209-A3,3,6,1017,201,195.428,208.715,260.272,270.272,195.428,208.715,1.312841738869652,-0.1035655688819086,1.4164073077515607
MC-209-A3,3,7,1313,201,210.148,222.648,271.272,281.272,209.349,223.001,1.2978729525873012,-0.10949362442610198,1.4073665770134032
PC-226-A2,4,1,0,300,246.742,236.523,383.289,398.239,236.134,248.381,-0.9623218644665115,-0.08532853471328651,-0.876993329753225
PC-226-A2,4,2,155,198,166.054,164.643,315.392,325.239,164.291,166.054,-0.0057417657093784165,-0.10425252965221793,0.09851076394283952
PC-226-A2,4,3,269,200,164.825,169.097,326.289,336.239,164.55,169.318,0.48018469769551125,-0.09321195766880788,0.5733966553643192
PC-226-A2,4,4,472,220,169.775,181.401,337.289,348.239,169.654,181.444,1.1423137171993711,-0.09917094573951775,1.241484662938889
PC-226-A2,4,5,824,200,183.103,198.074,349.288,359.239,182.875,198.074,1.5413348349209461,-0.10201069939719426,1.6433455343181405
PC-226-A2,4,6,1017,200,199.898,217.847,360.289,370.239,199.564,218.203,1.9321897418984582,-0.1035655688819086,2.0357553107803668
PC-226-A2,4,7,1313,200,220.164,241.362,371.289,381.239,220.164,241.641,2.161557556497596,-0.10949362442610198,2.271051180923698
MC-20-H3,5,1,0,300,182.256,175.018,498.288,513.238,174.765,183.6,-0.7545501456254617,-0.08532853471328651,-0.6692216109121752
MC-20-H3,5,2,155,199,160.382,157.783,432.336,442.239,157.783,160.619,-0.2098340622730501,-0.10425252965221793,-0.10558153262083217
MC-20-H3,5,3,269,200,157.595,158.456,443.288,453.239,157.395,158.679,0.13558016391087258,-0.09321195766880788,0.22879212157968046
MC-20-H3,5,4,472,200,158.837,161.677,454.289,464.238,158.425,162.147,0.40484646059196056,-0.09917094573951775,0.5040174063314783
MC-20-H3,5,5,824,200,162.645,167.573,465.288,475.238,162.159,167.683,0.5348943558607584,-0.10201069939719426,0.6369050552579527
MC-20-H3,5,6,1017,200,168.034,174.487,476.289,486.238,167.951,174.615,0.6442994698063509,-0.1035655688819086,0.7478650386882595
MC-20-H3,5,7,1313,200,175.116,181.651,487.288,497.239,174.742,181.651,0.6471293134489317,-0.10949362442610198,0.7566229378750337
PC-247-H3,6,1,0,360,141.239,135.819,596.288,614.239,135.716,141.687,-0.3263657511794924,-0.08532853471328651,-0.2410372164662059
PC-247-H3,6,2,155,188,154.681,151.472,530.883,540.239,151.472,154.855,-0.31488048210755576,-0.10425252965221793,-0.21062795245533783
PC-247-H3,6,3,269,200,151.214,149.151,541.289,551.238,148.977,151.638,-0.22687875054404463,-0.09321195766880788,-0.13366679287523675
PC-247-H3,6,4,472,200,148.723,146.822,552.289,562.238,146.738,148.86,-0.19035432617564066,-0.09917094573951775,-0.09118338043612291
PC-247-H3,6,5,824,200,146.87,145.162,563.289,573.238,144.974,146.882,-0.16099249925541248,-0.10201069939719426,-0.05898179985821822
PC-247-H3,6,6,1017,200,144.903,143.306,574.289,584.239,143.149,145.102,-0.16259762212232673,-0.1035655688819086,-0.05903205324041813
PC-247-H3,6,7,1313,200,142.971,141.468,585.288,595.239,141.056,143.258,-0.17203441440801548,-0.10949362442610198,-0.0625407899819135
blank,7,1,0,301,141.506,140.459,699.272,714.272,140.299,141.635,-0.06564972276332279,-0.08532853471328651,0.019678811949963723
blank,7,2,155,196,153.116,150.951,632.517,642.272,150.851,153.132,-0.22229220460022447,-0.10425252965221793,-0.11803967494800655
blank,7,3,269,201,150.637,148.976,643.272,653.272,148.777,150.857,-0.17340197454019854,-0.09321195766880788,-0.08019001687139066
blank,7,4,472,221,148.646,146.786,654.272,665.272,146.517,148.917,-0.1899249983760551,-0.09917094573951775,-0.09075405263653734
blank,7,5,824,201,146.467,144.839,666.272,676.272,144.839,146.787,-0.15639115175336332,-0.10201069939719426,-0.05438045235616906
blank,7,6,1017,201,144.813,143.049,677.272,687.272,143.033,144.813,-0.14405172627480708,-0.1035655688819086,-0.040486157392898486
blank,7,7,1313,201,143.04,141.543,688.272,698.272,141.396,143.138,-0.14481063952987774,-0.10949362442610198,-0.03531701510377576
PC-235-H2,8,1,0,300,133.477,129.613,799.288,814.239,129.61,133.507,-0.2544155710792243,-0.08532853471328651,-0.1690870363659378
PC-235-H2,8,2,155,208,145.757,142.783,731.882,742.239,142.563,145.95,-0.29155651031742374,-0.10425252965221793,-0.18730398066520582
PC-235-H2,8,3,269,200,142.584,140.309,743.289,753.239,140.057,142.619,-0.21016619456373326,-0.09321195766880788,-0.11695423689492537
PC-235-H2,8,4,472,200,140.06,138.311,754.289,764.239,138.184,140.281,-0.16520308481498452,-0.09917094573951775,-0.06603213907546678
PC-235-H2,8,5,824,200,138.222,136.648,765.289,775.239,136.648,138.315,-0.14159678818090515,-0.10201069939719426,-0.03958608878371089
PC-235-H2,8,6,1017,200,136.689,134.887,776.289,786.238,134.883,136.728,-0.1508100252653898,-0.1035655688819086,-0.04724445638348121
PC-235-H2,8,7,1313,200,135.077,133.432,787.288,797.239,133.378,135.112,-0.14391853198511267,-0.10949362442610198,-0.03442490755901069
MC-214-A3,1,1,0,300,248.167,242.689,70.25,85.2,242.649,248.848,-0.51760965022535,-0.08532853471328651,-0.4322811155120635
MC-214-A3,1,2,155,225,196.983,201.14,0,11.2,196.983,201.202,0.3680512989741285,-0.10425252965221793,0.47230382862634646
MC-214-A3,1,3,269,200,201.566,206.953,12.25,22.201,201.517,207.071,0.5654299538211166,-0.09321195766880788,0.6586419114899245
MC-214-A3,1,4,472,220,207.676,215.787,23.25,34.2,207.638,215.787,0.7420494022448197,-0.09917094573951775,0.8412203479843375
MC-214-A3,1,5,824,220,216.391,225.193,35.25,46.2,216.377,225.193,0.8232356388826013,-0.10201069939719426,0.9252463382797955
MC-214-A3,1,6,1017,200,225.826,235.239,47.25,57.2,225.826,235.272,0.8170310054125675,-0.1035655688819086,0.92059657429447606
MC-214-A3,1,7,1313,220,236.251,247.185,58.25,69.2,236.251,247.185,0.9630750787658482,-0.10949362442610198,1.0725687031919502
MC-204-A1,2,1,0,300,278.594,273.092,179.25,194.2,272.909,281.409,-0.7450025073606673,-0.08532853471328651,-0.6596739726473808
MC-204-A1,2,2,155,196,199.367,202.048,113.453,123.201,199.156,202.095,0.25868940440210697,-0.10425252965221793,0.3629419340543249
MC-204-A1,2,3,269,200,202.513,209.688,124.25,134.2,202.341,209.747,0.8258903072204549,-0.09321195766880788,0.9191022648892627
MC-204-A1,2,4,472,200,210.79,222.746,135.25,145.2,210.681,222.746,1.3099754895415499,-0.09917094573951775,1.4091464352810676
MC-204-A1,2,5,824,200,224.056,239.073,146.251,156.2,224.056,239.073,1.51819187490375,-0.10201069939719426,1.6202025743009443
MC-204-A1,2,6,1017,200,240.644,257.857,157.25,167.2,240.598,257.857,1.5940938134560834,-0.1035655688819086,1.697659382337992
MC-204-A1,2,7,1313,200,259.571,276.692,168.25,178.2,259.571,276.692,1.7437270207863271,-0.10949362442610198,1.8532206452124291
PC-26-A2,3,1,0,301,300.191,285.4,283.217,298.217,285.131,301.424,-1.2250534894999934,-0.08532853471328651,-1.1397249547867068
PC-26-A2,3,2,155,205,201.978,202.385,216.014,226.217,201.334,202.593,0.11437822707440187,-0.10425252965221793,0.2186307567266198
PC-26-A2,3,3,269,201,202.405,209.437,227.217,237.216,202.405,209.437,0.7614913817032983,-0.09321195766880788,0.8547033393721062
PC-26-A2,3,4,472,201,210.253,223.287,238.217,248.217,210.135,223.287,1.3431499087508574,-0.09917094573951775,1.4423208544903752
PC-26-A2,3,5,824,201,224.892,243.497,249.217,259.217,224.892,243.497,1.8764610500682364,-0.10201069939719426,1.9784717494654307
PC-26-A2,3,6,1017,201,245.672,267.881,260.217,270.217,245.582,267.881,2.2896092554161287,-0.1035655688819086,2.393174824298037
PC-26-A2,3,7,1313,201,270.284,295.808,271.217,281.217,270.284,295.808,2.5331006427805716,-0.10949362442610198,2.6425942672066736
PC-237-A1,4,1,0,301,257.764,250.302,383.217,398.217,250.302,258.972,-0.6971599630344758,-0.08532853471328651,-0.6118314283211893
PC-237-A1,4,2,155,198,200.947,202.143,315.373,325.217,199.978,202.143,0.2616233215955019,-0.10425252965221793,0.3658758512477198
PC-237-A1,4,3,269,201,202.38,208.224,326.217,336.217,202.312,208.302,0.6307982515135763,-0.09321195766880788,0.7240102091823841
PC-237-A1,4,4,472,221,208.795,218.698,337.217,348.217,208.795,218.698,0.8934672035961506,-0.09917094573951775,0.9926381493356684
PC-237-A1,4,5,824,201,219.653,229.961,349.217,359.217,219.653,229.975,1.0374796047994728,-0.10201069939719426,1.139490304196667
PC-237-A1,4,6,1017,201,230.922,241.9,360.217,370.217,230.776,242.053,1.0829416156174299,-0.1035655688819086,1.1865071844993385
PC-237-A1,4,7,1313,201,243.081,255.052,371.217,381.217,243.081,255.341,1.2040949429396848,-0.10949362442610198,1.3135885673657868
PC-44-H3,5,1,0,300,207.249,201.919,498.233,513.183,201.812,208.245,-0.5628417083257428,-0.08532853471328651,-0.47751317361245627
PC-44-H3,5,2,155,198,197.485,194.914,432.333,442.183,194.765,197.485,-0.03197792850207933,-0.10425252965221793,0.07227460115013859
PC-44-H3,5,3,269,200,195.038,196.164,443.234,453.184,194.678,196.29,0.1467999269936814,-0.09321195766880788,0.2400118846624893
PC-44-H3,5,4,472,200,196.336,198.678,454.234,464.183,196.274,198.678,0.2522565605931155,-0.09917094573951775,0.35142750633263325
PC-44-H3,5,5,824,200,198.962,201.184,465.233,475.183,198.702,201.331,0.24961273140151038,-0.10201069939719426,0.3516234307987046
PC-44-H3,5,6,1017,200,201.498,204.062,476.234,486.183,201.321,204.062,0.24997526785817523,-0.1035655688819086,0.35354083674008385
PC-44-H3,5,7,1313,200,204.262,207.119,487.233,497.184,204.116,207.119,0.2822600049688225,-0.10949362442610198,0.3917536293949245
PC-241-H2,6,1,0,361,188.737,184.737,596.217,614.217,184.719,188.975,-0.2550295039737372,-0.08532853471328651,-0.1697009692604507
PC-241-H2,6,2,155,188,190.996,188.562,530.863,540.217,188.385,191.11,-0.13207352442891848,-0.10425252965221793,-0.027820994776700553
PC-241-H2,6,3,269,201,188.277,187.953,541.217,551.217,187.816,188.466,-0.030004857502853484,-0.09321195766880788,0.0632071001659544
PC-241-H2,6,4,472,201,188.038,188.05,552.217,562.216,187.623,188.135,0.013627828336931267,-0.09917094573951775,0.11279877407644902
PC-241-H2,6,5,824,201,188.117,188.435,563.217,573.217,187.806,188.496,0.0351934694627174,-0.10201069939719426,0.13720416885991166
PC-241-H2,6,6,1017,201,188.508,188.606,574.217,584.217,188.233,188.787,0.016425120955070455,-0.1035655688819086,0.11999068983697905
PC-241-H2,6,7,1313,201,188.533,188.528,585.217,595.217,188.325,188.899,-0.010794979193644102,-0.10949362442610198,0.09869864523245789
PC-233-H3,7,1,0,300,189.291,185.367,699.25,714.201,185.309,189.557,-0.3070807001873467,-0.08532853471328651,-0.22175216547406018
PC-233-H3,7,2,155,195,187.796,186.039,632.498,642.201,186.01,187.93,-0.14302733693382647,-0.10425252965221793,-0.038774807281608537
PC-233-H3,7,3,269,200,185.878,185.619,643.25,653.2,185.515,186.087,-0.005231535331969158,-0.09321195766880788,0.08798042233683873
PC-233-H3,7,4,472,220,185.783,186.499,654.25,665.2,185.585,186.598,0.0825387209822974,-0.09917094573951775,0.18170966672181516
PC-233-H3,7,5,824,200,186.709,187.379,666.25,676.2,186.394,187.713,0.10171304866660025,-0.10201069939719426,0.2037237480637945
PC-233-H3,7,6,1017,200,187.537,188.393,677.25,687.201,187.519,188.676,0.09799528377866361,-0.1035655688819086,0.20156085266057222
PC-233-H3,7,7,1313,200,188.574,189.032,688.25,698.2,188.499,189.468,0.06387389828017324,-0.10949362442610198,0.17336752270627523
PC-243-H1,8,1,0,301,164.874,158.018,799.217,814.217,157.846,164.91,-0.49073567747530145,-0.08532853471328651,-0.40540714276201495
PC-243-H1,8,2,155,208,180.474,176.113,731.867,742.217,175.983,180.502,-0.36724470086349803,-0.10425252965221793,-0.2629921712112801
PC-243-H1,8,3,269,201,175.661,173.084,743.217,753.217,173.014,175.671,-0.23894194857679463,-0.09321195766880788,-0.14572999090798675
PC-243-H1,8,4,472,201,172.945,170.758,754.217,764.217,170.758,172.975,-0.17935902439380033,-0.09917094573951775,-0.08018807865428258
PC-243-H1,8,5,824,201,170.641,168.881,765.217,775.217,168.75,170.67,-0.16456844892083394,-0.10201069939719426,-0.06255774952363968
PC-243-H1,8,6,1017,201,168.751,166.972,776.217,786.217,166.915,168.751,-0.1673523677122316,-0.1035655688819086,-0.06378679883032301
PC-243-H1,8,7,1313,201,166.787,164.839,787.217,797.217,164.839,166.799,-0.1740924037056352,-0.10949362442610198,-0.06459877927953321
PC-43-A2,1,1,0,300,226.499,221.121,70.194,85.144,220.996,226.745,-0.45908339529084974,-0.08532853471328651,-0.37375486057756324
PC-43-A2,1,2,155,224,195.137,195.455,0,11.144,194.717,195.499,0.0616019325762132,-0.10425252965221793,0.16585446222843114
PC-43-A2,1,3,269,200,195.507,197.715,12.194,22.144,195.469,197.81,0.24644306456081258,-0.09321195766880788,0.33965502222962046
PC-43-A2,1,4,472,220,198.015,202.775,23.194,34.144,197.99,202.775,0.44223470662620995,-0.09917094573951775,0.5414056523657277
PC-43-A2,1,5,824,220,203.369,209.459,35.194,46.144,203.165,209.688,0.552784767075514,-0.10201069939719426,0.6547954664727083
PC-43-A2,1,6,1017,200,210.1,216.728,47.194,57.143,210.029,216.728,0.6794912657879886,-0.1035655688819086,0.7830568346698972
PC-43-A2,1,7,1313,220,217.345,225.565,58.194,69.144,217.271,225.565,0.7618097278639933,-0.10949362442610198,0.8713033522900953
MC-19-A2,2,1,0,300,235.776,231.05,179.21,194.161,231.05,237.224,-0.5080193488522163,-0.08532853471328651,-0.42269081413892984
MC-19-A2,2,2,155,195,194.582,194.915,113.453,123.161,194.259,195.066,0.04840283213372753,-0.10425252965221793,0.15265536178594546
MC-19-A2,2,3,269,200,194.99,198.121,124.21,134.16,194.78,198.35,0.3700793453121353,-0.09321195766880788,0.46329130298094323
MC-19-A2,2,4,472,200,198.719,204.999,135.21,145.161,198.671,204.999,0.7095585491031364,-0.09917094573951775,0.8087294948426542
MC-19-A2,2,5,824,200,205.583,214.148,146.211,156.16,205.583,214.148,0.8909421471847462,-0.10201069939719426,0.9929528465819404
MC-19-A2,2,6,1017,200,215.046,224.417,157.21,167.161,214.994,224.417,0.9480168542598971,-0.1035655688819086,1.0515824231418058
MC-19-A2,2,7,1313,200,225.064,234.939,168.21,178.161,225.064,234.939,0.9308360977109059,-0.10949362442610198,1.0403297221370078
PC-248-A1,3,1,0,301,348.513,330.085,283.177,298.177,330.085,349.599,-1.6144965949669041,-0.08532853471328651,-1.5291680602536175
PC-248-A1,3,2,155,204,193.611,196.889,216.025,226.177,193.372,196.889,0.40214405851830387,-0.10425252965221793,0.5063965881705218
PC-248-A1,3,3,269,201,197.304,209.857,227.178,237.177,197.242,209.857,1.3570153501425783,-0.09321195766880788,1.4502273078113863
PC-248-A1,3,4,472,201,211.294,232.754,238.178,248.177,211.265,232.754,2.247694298911256,-0.09917094573951775,2.3468652446507736
PC-248-A1,3,5,824,201,235.155,263.609,249.177,259.177,235.155,263.609,2.917184618687864,-0.10201069939719426,3.019195318085058
PC-248-A1,3,6,1017,201,266.899,299.328,260.177,270.177,266.668,299.475,3.330859250954246,-0.1035655688819086,3.4344248198361544
PC-248-A1,3,7,1313,201,302.947,339.549,271.177,281.177,302.947,339.993,3.7774094124584847,-0.10949362442610198,3.8869030368845867
PC-239-A3,4,1,0,300,283.019,272.736,383.21,398.16,272.297,284.354,-1.0098680898941905,-0.08532853471328651,-0.924539555180904
PC-239-A3,4,2,155,197,201.171,201.2,315.366,325.16,199.856,201.214,0.1298957283139633,-0.10425252965221793,0.23414825796618122
PC-239-A3,4,3,269,200,201.057,206.401,326.211,336.16,200.884,206.655,0.6243627053071065,-0.09321195766880788,0.7175746629759143
PC-239-A3,4,4,472,220,207.077,220.372,337.21,348.161,207.077,220.372,1.2598062990956993,-0.09917094573951775,1.358977244835217
PC-239-A3,4,5,824,200,221.664,237.693,349.211,359.16,221.664,237.693,1.6526425033193446,-0.10201069939719426,1.754653202716539
PC-239-A3,4,6,1017,200,239.272,257.354,360.21,370.16,239.272,257.354,1.8247172410109553,-0.1035655688819086,1.928282809892864
PC-239-A3,4,7,1313,200,259.165,278.651,371.211,381.16,259.16,278.651,1.8976943366565597,-0.10949362442610198,2.0071879610826615
PC-240-H1,5,1,0,300,192.717,186.368,498.194,513.144,186.201,193.008,-0.48151861591825945,-0.08532853471328651,-0.39619008120497295
PC-240-H1,5,2,155,197,193.765,191.902,432.336,442.144,191.608,193.765,-0.1470418440240847,-0.10425252965221793,-0.04278931437186678
PC-240-H1,5,3,269,200,191.675,191.115,443.193,453.144,191.046,191.74,-0.03249253372721465,-0.09321195766880788,0.060719423941593235
PC-240-H1,5,4,472,200,191.101,191.39,454.194,464.144,190.874,191.453,0.0227153035457296,-0.09917094573951775,0.12188624928524736
PC-240-H1,5,5,824,200,191.292,191.825,465.194,475.144,191.219,191.922,0.05707126518822345,-0.10201069939719426,0.1590819645854177
PC-240-H1,5,6,1017,200,191.894,192.343,476.194,486.144,191.72,192.402,0.048500840195949003,-0.1035655688819086,0.1520664090778576
PC-240-H1,5,7,1313,200,192.397,192.678,487.194,497.144,192.131,192.825,0.04641335738553475,-0.10949362442610198,0.15590698181163673
PC-234-H1,6,1,0,360,183.172,178.365,596.211,614.161,178.32,183.431,-0.2863098158743539,-0.08532853471328651,-0.2009812811610674
PC-234-H1,6,2,155,187,186.545,184.017,530.858,540.16,183.945,186.545,-0.1537044601104935,-0.10425252965221793,-0.04945193045827556
PC-234-H1,6,3,269,200,184.002,183.047,541.21,551.161,182.934,184.03,-0.07251227408785026,-0.09321195766880788,0.020699683580957626
PC-234-H1,6,4,472,200,183.026,182.912,552.21,562.161,182.654,183.065,-0.004290006329497782,-0.09917094573951775,0.09488093941001996
PC-234-H1,6,5,824,200,182.769,182.73,563.21,573.161,182.604,183.131,0.014433427098347044,-0.10201069939719426,0.11644412649554131
PC-234-H1,6,6,1017,200,182.98,182.985,574.211,584.16,182.731,183.138,0.008816532227216543,-0.1035655688819086,0.11238210110912514
PC-234-H1,6,7,1313,200,182.962,183.117,585.21,595.161,182.829,183.274,0.0015956785812288531,-0.10949362442610198,0.11108930300733084
PC-29-H2,7,1,0,300,166.818,161.59,699.193,714.144,161.565,166.91,-0.36886923619032247,-0.08532853471328651,-0.283540701477036
PC-29-H2,7,2,155,194,183.875,179.938,632.499,642.144,179.892,183.875,-0.30138222643395074,-0.10425252965221793,-0.1971296967817328
PC-29-H2,7,3,269,200,179.668,177.093,643.194,653.144,177.025,179.775,-0.26554145620539577,-0.09321195766880788,-0.17232949853658788
PC-29-H2,7,4,472,220,176.775,174.175,654.194,665.144,174.15,176.803,-0.23265410306751064,-0.09917094573951775,-0.13348315732799287
PC-29-H2,7,5,824,200,173.967,171.795,666.194,676.144,171.76,174.158,-0.22306840712334397,-0.10201069939719426,-0.12105770772614971
PC-29-H2,7,6,1017,200,171.569,169.401,677.194,687.144,169.297,171.626,-0.22099151196290343,-0.1035655688819086,-0.11742594308099483
PC-29-H2,7,7,1313,200,169.063,167.051,688.194,698.144,166.922,169.251,-0.21983960620334558,-0.10949362442610198,-0.1103459817772436
PC-225-H1,8,1,0,300,170.977,167.904,799.211,814.161,167.904,171.136,-0.2248572056437001,-0.08532853471328651,-0.1395286709304136
PC-225-H1,8,2,155,207,176.965,175.249,731.865,742.16,175.131,177.085,-0.15413879943418174,-0.10425252965221793,-0.04988626978196381
PC-225-H1,8,3,269,200,174.954,173.965,743.21,753.16,173.812,175.048,-0.09144325322135745,-0.09321195766880788,0.0017687044474504338
PC-225-H1,8,4,472,200,174,173.157,754.21,764.16,172.996,174,-0.052469609743702676,-0.09917094573951775,0.04670133599581507
PC-225-H1,8,5,824,200,173.041,172.43,765.21,775.16,172.325,173.126,-0.055172789996077394,-0.10201069939719426,0.046837909401116866
PC-225-H1,8,6,1017,200,172.273,171.827,776.21,786.16,171.564,172.396,-0.06229856962618687,-0.1035655688819086,0.04126699925572173
PC-225-H1,8,7,1313,200,171.615,171.012,787.211,797.16,170.876,171.722,-0.07577616585538656,-0.10949362442610198,0.033717458570715425
